egoid,SelfEsteem_1,Trust_1,SRQE_Ext_1,SRQE_Introj_1,SRQE_Ident_1,SRQE_Intrin_1,selsa_rom_1,selsa_fam_1,selsa_soc_1,SelfEff_exercise_scale_1,SelfEff_diet_scale_1,selfreg_scale_1
44869,42.0,3.5,1.0,1.75,4.25,3.0,0.68111545,-0.91735792,1.0176769,60.555557,50.862068,2.0
43516,39.0,1.5,1.0,4.5,6.25,4.75,0.75797242,0.070971549,1.4356943,55.5,53.275864,2.6666667
89411,47.0,3.8333333,1.0,3.0,7.0,7.0,1.511670005804676e-09,-1.2259557304047914e-09,3.637826958962293e-10,56.5,55.034481,2.1666667
74285,37.0,2.8333333,1.0,4.75,6.0,6.0,1.511670005804676e-09,-1.2259557304047914e-09,3.637826958962293e-10,58.611111,34.310345,2.4166667
56527,32.0,3.0,2.5,3.5,3.25,2.25,1.511670005804676e-09,-1.2259557304047914e-09,3.637826958962293e-10,32.5,43.241379,2.75
16819,47.0,2.0,2.25,6.25,6.75,6.75,-1.2614833,-0.64127845,0.29967976,50.0,42.379311,2.3333333
34591,22.0,2.3333333,2.25,4.25,4.5,4.0,1.511670005804676e-09,-1.2259557304047914e-09,3.637826958962293e-10,57.444443,56.620689,3.0
89972,34.0,2.5,2.75,3.5,5.0,4.5,0.21756537,-0.11078782,1.7079203,54.888889,44.103447,1.8333334
92552,46.0,3.6666667,1.0,2.75,7.0,6.5,-1.314765,-0.48796436,-0.24074088,74.611115,64.758621,2.1666667
73158,49.0,3.8333333,2.75,2.5,5.25,3.25,-1.6086679,-0.73183388,-0.4253636,66.666664,57.827587,2.1666667
45963,29.0,2.3333333,1.0,4.75,6.25,4.0,-1.1820763,2.5519235,-0.98673356,51.666668,34.413792,3.25
22138,42.0,3.6666667,1.25,3.75,6.5,6.0,0.70723289,-0.79340422,-0.25424638,62.611111,63.827587,2.0833333
90136,37.0,3.6666667,3.5,4.0,5.75,5.75,-0.60262674,0.11658423,-0.36180547,61.944443,27.310345,2.4166667
46744,38.0,2.6666667,3.25,4.75,5.5,5.0,-1.2222689,0.07264556,0.18468015,59.722221,28.620689,2.5
77941,46.0,3.5,2.0,4.75,6.75,6.5,1.511670005804676e-09,-1.2259557304047914e-09,3.637826958962293e-10,23.555555,36.18182,2.5833333
44873,39.0,3.5,2.0,3.25,5.5,6.5,1.511670005804676e-09,-1.2259557304047914e-09,3.637826958962293e-10,94.444443,71.103447,1.8333334
36540,49.0,3.3333333,1.5,1.75,6.0,6.75,0.80802733,-0.21441282,-0.66408503,69.722221,69.551727,1.8333334
14527,47.0,2.8333333,1.25,5.0,7.0,6.5,1.511670005804676e-09,-1.2259557304047914e-09,3.637826958962293e-10,59.722221,40.172413,1.4166666
83005,30.0,3.0,1.0,3.25,3.75,2.75,1.511670005804676e-09,-1.2259557304047914e-09,3.637826958962293e-10,40.0,35.137932,2.9166667
31439,43.0,3.8333333,1.0,5.75,5.0,2.75,-0.60249043,-0.15688752,-0.39119491,50.277779,71.310349,3.4166667
21899,34.0,2.6666667,1.0,3.25,4.0,3.0,1.511670005804676e-09,-1.2259557304047914e-09,3.637826958962293e-10,27.166666,14.862069,2.4166667
29232,41.0,3.3333333,1.0,4.75,7.0,7.0,-1.6882315,-0.37830693,-0.47948572,85.277779,67.241379,1.3333334
32249,48.0,3.5,1.0,3.25,6.75,5.0,1.511670005804676e-09,-1.2259557304047914e-09,3.637826958962293e-10,66.833336,48.379311,2.5
45375,45.0,2.8333333,1.0,1.0,6.0,5.0,0.95339501,1.8527316,-0.27126026,32.888889,40.068966,3.4166667
25536,37.0,2.3333333,2.0,3.5,6.5,6.0,0.88046175,-0.30823496,-0.043451939,69.611115,83.793106,1.9166666
32037,46.0,3.8333333,2.0,2.25,5.75,4.5,1.1385524,-0.064002968,-0.91324693,38.833332,87.551727,1.75
90476,27.0,2.5,4.5,4.25,4.5,4.25,1.511670005804676e-09,-1.2259557304047914e-09,3.637826958962293e-10,41.111111,47.551723,3.1666667
46558,42.0,3.3333333,1.0,3.75,6.25,5.25,-1.2846777,0.33823165,0.41620991,49.166668,35.482758,2.1666667
24016,36.0,3.3333333,2.25,3.25,5.5,5.0,1.511670005804676e-09,-1.2259557304047914e-09,3.637826958962293e-10,56.444443,68.344826,2.1666667
52277,41.0,4.1666665,2.5,3.25,5.75,5.0,0.57957762,-0.73245835,-0.76275164,51.111111,63.034481,2.0
93699,36.0,3.0,4.75,3.25,4.5,4.0,-0.044496052,-0.52372348,-0.27917042,10.0,52.275864,2.9166667
36875,41.0,3.1666667,1.25,3.0,6.5,6.5,1.511670005804676e-09,-1.2259557304047914e-09,3.637826958962293e-10,73.055557,64.103447,1.5833334
84011,32.0,2.8333333,2.5,4.5,5.75,5.75,0.96896946,-0.87179255,0.54561293,58.055557,38.793102,2.1666667
90646,43.0,3.8333333,1.0,4.25,6.25,6.0,1.511670005804676e-09,-1.2259557304047914e-09,3.637826958962293e-10,64.444443,37.586208,1.5833334
88008,32.0,3.1666667,3.25,5.5,6.75,6.25,-1.7100618,-0.60861349,0.35049728,57.055557,50.379311,2.4166667
88967,35.0,1.6666666,1.0,4.25,6.5,6.5,-1.391579,-0.78719658,0.061454721,52.666668,46.724136,2.3333333
46701,42.0,3.0,1.5,5.0,6.25,5.0,0.76631504,-0.70704949,-0.54807609,53.055557,47.931034,1.9166666
83566,34.0,2.5,1.75,3.25,5.75,4.75,0.71818829,-0.71389896,0.28304046,56.666668,48.448277,1.75
21090,46.0,4.0,1.5,4.5,7.0,4.0,0.80437595,-0.24380179,-0.90918541,48.5,25.241379,2.0
69419,31.0,3.3333333,1.75,3.0,5.25,4.0,1.511670005804676e-09,-1.2259557304047914e-09,3.637826958962293e-10,56.555557,64.275864,2.5833333
87032,35.0,2.6666667,1.0,3.5,5.5,5.5,-1.0535307,0.43797991,0.13292655,74.470589,42.137932,2.1666667
94641,23.0,3.0,1.5,5.25,5.0,4.0,-1.4505953,2.1983187,0.57249457,62.166668,33.482758,2.5833333
82728,47.0,3.0,1.25,4.75,6.75,6.75,0.82822067,-0.73826003,-0.74438381,53.0,61.0,1.6666666
45076,47.0,3.6666667,1.0,4.5,6.0,5.5,1.1364932,-0.61416507,-0.82242316,81.111115,59.482758,1.8333334
58437,42.0,2.6666667,3.0,3.25,6.75,5.25,-1.0153658,-0.64373583,0.29658461,67.222221,47.034481,2.4166667
94862,35.0,3.1666667,1.5,4.75,6.0,6.0,1.511670005804676e-09,-1.2259557304047914e-09,3.637826958962293e-10,72.166664,63.689655,2.3333333
14606,49.0,3.3333333,1.0,1.5,5.5,5.5,1.511670005804676e-09,-1.2259557304047914e-09,3.637826958962293e-10,81.166664,71.413795,1.5
64075,31.0,3.6666667,1.25,6.5,7.0,6.25,1.511670005804676e-09,-1.2259557304047914e-09,3.637826958962293e-10,52.111111,45.103447,2.25
39787,35.0,2.6666667,3.5,5.25,7.0,5.75,0.80387509,1.2748626,1.217574,38.833332,44.241379,3.0833333
82376,42.0,3.5,1.75,4.75,6.5,6.25,-1.3806659,0.52338409,0.11124476,78.833336,79.931038,1.9166666
44872,27.0,3.5,1.75,5.25,6.75,6.5,-1.4830449,1.5853674,2.039228,64.222221,39.206898,2.1666667
87783,38.0,2.6666667,1.75,3.25,4.25,4.0,-1.3627948,-0.76727647,1.9065467,23.222221,21.620689,1.8333334
22199,25.0,2.8333333,1.5,2.25,4.5,4.25,1.511670005804676e-09,-1.2259557304047914e-09,3.637826958962293e-10,44.111111,52.206898,2.9166667
47498,46.0,3.0,1.5,3.25,6.75,6.75,0.61518401,-0.68228185,-0.76695746,95.277779,89.586205,1.5833334
57325,33.0,2.6666667,1.25,3.5,6.25,5.5,1.511670005804676e-09,-1.2259557304047914e-09,3.637826958962293e-10,27.777779,49.172413,1.5833334
53776,27.0,2.8333333,2.75,3.25,5.0,3.75,-1.4764037,0.04743275,0.19733068,65.277779,63.551723,3.0833333
58633,46.0,2.5,1.0,5.0,7.0,6.5,-0.5213415,-0.48193568,0.79366076,71.611115,58.413792,3.6666667
27306,50.0,3.1666667,1.75,4.25,6.25,6.75,1.0802462,-0.70010918,-0.51744229,94.444443,85.517242,1.6666666
80607,35.0,2.0,1.0,6.5,5.0,3.75,1.143787,3.8486679,-0.27645534,80.0,95.344826,1.5833334
73143,41.0,2.8333333,4.0,4.75,5.5,4.0,0.65870714,-0.35238719,-0.87117797,48.111111,49.758621,2.1666667
35797,41.0,2.3333333,1.25,4.25,5.5,4.25,0.68240464,-0.044193156,0.11724099,43.222221,51.379311,2.3333333
46365,50.0,3.0,2.0,5.5,6.5,6.25,-1.3570039,-0.68335074,-0.7164799,49.555557,80.241379,1.9166666
30596,38.0,2.5,1.0,1.0,5.5,7.0,0.23044169,0.91442525,1.308624,78.055557,69.103447,2.25
31045,49.0,3.6666667,1.25,3.25,5.5,5.5,0.52746093,-0.30253878,0.14711265,46.944443,30.793104,2.5
74492,33.0,3.5,1.0,3.0,6.5,4.0,1.511670005804676e-09,-1.2259557304047914e-09,3.637826958962293e-10,82.444443,70.517242,1.8333334
76791,43.0,3.3333333,1.25,1.5,3.75,3.5,1.511670005804676e-09,-1.2259557304047914e-09,3.637826958962293e-10,38.888889,55.068966,2.5
21348,37.0,3.0,1.0,3.25,6.5,4.75,0.46879464,-0.60526854,-0.80334926,62.277779,70.413795,1.9166666
23287,38.0,3.0,1.75,2.75,4.25,4.5,0.74949586,2.0021188,1.1199926,28.0,41.724136,2.5833333
14763,32.0,2.6666667,1.0,1.0,1.0,1.25,1.511670005804676e-09,-1.2259557304047914e-09,3.637826958962293e-10,25.166666,38.068966,3.0
22066,40.0,3.0,1.5,2.5,4.25,3.75,0.49670926,-0.73178995,-0.75627744,50.0,50.0,2.5833333
64058,31.0,3.1666667,3.0,5.5,6.0,5.0,1.0848595,0.74297953,0.70369089,57.5,53.103447,2.5
28247,34.0,2.5,3.5,5.0,6.5,6.75,0.76059359,-0.48511061,0.9636516,63.722221,50.758621,3.1666667
72873,49.0,3.6666667,1.25,3.5,6.25,7.0,0.86989313,-0.49064374,-0.81735313,98.277779,80.586205,1.6666666
67544,35.0,3.3333333,1.0,3.5,7.0,7.0,1.511670005804676e-09,-1.2259557304047914e-09,3.637826958962293e-10,67.055557,80.758621,2.6666667
76810,38.0,3.0,1.0,1.25,5.75,6.5,0.2468774,-0.46203119,-0.83996987,50.333332,50.275864,2.4166667
51760,47.0,3.3333333,4.25,3.75,6.25,5.5,1.511670005804676e-09,-1.2259557304047914e-09,3.637826958962293e-10,71.444443,54.862068,2.0
72806,43.0,3.6666667,1.25,2.75,6.75,6.75,0.39386827,-0.32741299,-0.87169611,82.777779,66.448273,2.4166667
98766,49.0,3.3333333,1.5,2.5,5.5,6.5,-0.51231503,-0.71403486,-0.71775436,76.666664,90.689651,1.25
60997,28.0,2.8333333,1.75,2.5,4.0,2.25,1.511670005804676e-09,-1.2259557304047914e-09,3.637826958962293e-10,22.333334,41.310345,3.6666667
36038,38.0,3.0,1.25,3.25,5.75,5.5,-1.7005197,-0.23390551,0.24672332,67.166664,48.482758,2.8333333
39146,33.0,3.1666667,2.25,4.75,5.5,3.75,0.45008248,0.81626284,0.73146272,26.722221,51.620689,3.0833333
60963,31.0,3.1666667,1.0,2.75,4.25,4.0,-1.7416764,-0.034504667,1.7885914,45.388889,46.586208,2.25
67918,40.0,3.0,1.5,1.5,4.75,4.25,0.67965788,-0.029218229,0.13010138,54.166668,64.655174,2.25
34467,39.0,3.5,2.5,5.0,6.25,6.25,0.96602756,-0.69949818,0.51314402,73.0,54.103447,2.4166667
42132,50.0,2.3333333,1.75,6.25,7.0,7.0,-1.3187215,0.0059006484,-0.10241158,89.444443,34.827587,1.3333334
41268,34.0,2.3333333,1.75,4.0,5.0,3.75,1.511670005804676e-09,-1.2259557304047914e-09,3.637826958962293e-10,52.777779,48.206898,2.5833333
90692,46.0,4.5,1.0,1.0,4.75,5.5,1.511670005804676e-09,-1.2259557304047914e-09,3.637826958962293e-10,41.944443,63.724136,2.0
32668,40.0,2.6666667,3.0,4.75,5.5,4.75,0.96048105,0.096567653,0.55922234,62.5,59.310345,2.0833333
24079,47.0,2.3333333,2.0,3.75,5.75,6.0,-0.44075549,-0.69397098,-0.74640745,63.888889,51.103447,2.75
59673,48.0,3.5,1.5,4.0,5.0,3.5,0.90907669,-0.63511628,-0.8190605,56.166668,76.517242,1.9166666
74899,35.0,4.1666665,3.75,7.0,7.0,7.0,0.34408468,0.14200471,-0.9331491,97.388885,73.241379,1.8333334
48891,43.0,3.5,1.5,1.75,5.75,4.5,0.66795433,-0.63815409,-0.80325168,80.444443,81.862068,2.25
81807,48.0,3.0,1.0,2.5,6.25,7.0,-1.7005188,-0.87738067,0.38307056,63.055557,58.172413,1.3333334
77187,28.0,3.1666667,1.0,3.0,6.75,5.0,-1.6990824,0.17765586,1.2319378,52.222221,40.413792,2.5833333
91176,29.0,3.0,1.25,1.0,2.25,1.75,0.71429962,2.0744152,-1.2575948,33.611111,80.344826,1.9166666
22292,40.0,3.1666667,1.0,1.0,5.0,5.75,1.511670005804676e-09,-1.2259557304047914e-09,3.637826958962293e-10,89.833336,68.586205,2.4166667
35011,47.0,3.0,1.0,4.25,4.0,4.25,0.85458821,0.2127185,0.11171369,12.833333,5.965517,1.6666666
76785,36.0,3.3333333,2.0,5.25,6.0,5.75,0.85337728,1.315389,-0.16062565,69.333336,65.172417,2.4166667
60903,36.0,3.5,3.25,4.25,4.75,5.75,0.53002161,0.98662335,0.70511639,49.333332,32.758621,2.4166667
10115,43.0,2.8333333,1.8132867132867132,3.7482517482517483,5.642857142857143,5.211538461538462,1.511670005804676e-09,-1.2259557304047914e-09,3.637826958962293e-10,92.0,76.482758,1.75
35416,32.0,2.6666667,2.75,4.0,5.0,5.25,0.54360539,-0.023977684,0.91325951,61.555557,40.793102,3.4166667
89710,33.0,3.6666667,1.0,4.5,5.25,2.75,-1.7077637,4.2334256,-1.5253189,53.055557,40.068966,1.75
97596,35.0,3.0,1.0,5.5,7.0,7.0,-1.2385166,-0.63510817,-0.71456307,48.722221,43.0,1.75
39129,30.0,3.0,1.75,4.25,4.0,3.5,0.7829017,-0.94053847,0.58660841,26.0,51.86570104858757,2.2795390894957985
57359,30.0,3.5,1.75,5.0,5.75,4.5,-1.5798103,0.21788551,0.42533037,38.722221,42.379311,2.8333333
17308,36.0,3.3333333,1.25,4.25,6.25,5.0,0.78901762,-0.58349687,-0.51647365,55.833332,32.965519,2.3333333
51851,49.0,2.0,1.75,2.25,6.75,6.5,-1.7315216,-0.39445281,0.83034265,80.0,86.758621,1.75
35855,48.0,3.5,1.25,2.75,5.75,5.75,0.016212979,0.22816557,0.12245342,69.470589,51.86570104858757,2.4545455
67334,37.0,2.6666667,1.0,1.0,5.0,4.75,1.0389593,0.0063280114,0.13896552,21.944445,18.0,2.9166667
60230,18.0,2.6666667,2.5,5.5,6.0,6.0,-1.7080561,0.10703389,0.73549944,70.888885,69.344826,1.75
77838,41.0,2.5,1.75,3.5,6.5,4.75,-1.2333263,-0.017030653,0.68614751,47.0,42.620689,2.5833333
37371,38.0,2.8333333,2.0,4.5,6.25,6.75,1.511670005804676e-09,-1.2259557304047914e-09,3.637826958962293e-10,85.333336,60.655174,2.0
57292,44.0,3.5,1.5,2.75,6.25,6.5,0.14871465,-0.15566282,-0.83693683,80.277779,73.793106,1.9166666
66406,42.0,3.8333333,2.25,3.75,6.25,7.0,0.22880611,-0.90514052,0.77886456,56.388889,52.275864,2.4166667
90447,33.0,3.1666667,2.5,2.75,4.75,4.75,1.511670005804676e-09,-1.2259557304047914e-09,3.637826958962293e-10,76.055557,37.137932,2.5
56798,48.0,3.8333333,1.25,2.0,6.0,5.75,0.95152968,-0.68862206,-0.77559954,52.222221,63.620689,1.5
28827,39.0,3.3333333,1.25,3.25,6.5,7.0,1.511670005804676e-09,-1.2259557304047914e-09,3.637826958962293e-10,80.555557,77.379311,1.9166666
23115,39.0,3.8333333,2.5,5.0,5.75,6.0,-0.1110714,0.13662949,-0.37681517,69.111115,83.172417,1.8333334
77872,43.0,3.0,1.75,4.5,6.0,5.5,-0.69477111,-0.24393177,0.2578527,78.444443,47.275864,1.9166666
43114,36.0,3.6666667,2.75,3.75,5.5,4.75,0.76705647,-0.66179156,-0.78978515,46.833332,24.379311,2.5833333
72348,39.0,3.3333333,2.75,4.5,6.25,5.25,0.65463138,-0.61526138,-0.035125837,47.277779,40.034481,2.0833333
15707,26.0,3.8333333,2.25,3.25,4.5,3.0,1.511670005804676e-09,-1.2259557304047914e-09,3.637826958962293e-10,20.357143,13.724138,3.5833333
45776,31.0,2.5,1.75,5.25,6.5,5.0,-1.6728646,-0.74902135,-0.44439825,42.666668,48.896553,2.4166667
63122,48.0,2.0,1.0,1.25,6.25,6.25,-1.6123062,-0.51236111,-0.728356,90.388885,87.275864,1.5833334
27169,43.0,3.5,1.25,5.0,5.75,5.75,-1.6098027,-0.089237206,-0.58927435,61.055557,33.034481,2.0
89607,35.0,3.5,4.0,5.25,4.25,3.5,-0.55707556,2.0643036,1.6106824,64.222221,73.965515,2.8333333
59900,37.0,3.5,1.0,1.0,1.0,1.0,0.82822067,-0.73826003,-0.74438381,42.222221,34.517242,1.5833334
28254,41.0,3.1666667,1.5,2.75,5.5,5.25,0.46167776,-0.20917247,-0.079262659,82.777779,63.689655,2.0
56480,40.0,3.3333333,3.25,5.5,5.75,4.75,-0.70589501,-0.51977324,-0.74121046,66.166664,42.689655,2.25
11128,44.0,3.5,1.0,1.0,4.5,4.0,-1.7077641,-0.64967227,0.06705676,40.222221,67.551727,1.8333334
47886,31.0,2.8333333,1.0,4.25,6.75,7.0,1.1532565,3.2710407,-0.43039829,89.166664,81.655174,1.6666666
28820,32.0,2.8333333,2.0,3.5,5.25,5.25,1.511670005804676e-09,-1.2259557304047914e-09,3.637826958962293e-10,76.166664,42.793102,2.8333333
35347,45.0,2.0,1.25,1.25,2.5,2.25,0.95639253,-1.0110376,1.3471483,13.444445,18.620689,1.9166666
45641,33.0,3.5,1.25,2.75,5.75,5.5,-1.2275648,0.51078033,0.14352912,40.777779,37.172413,2.5833333
25369,40.0,3.3333333,3.75,3.0,5.5,4.5,1.511670005804676e-09,-1.2259557304047914e-09,3.637826958962293e-10,39.888889,81.379311,2.1666667
64572,38.0,3.6666667,2.25,4.5,5.75,6.0,0.62441778,-0.32330808,-0.84797525,66.944443,62.413792,2.1666667
31538,42.0,3.6666667,2.0,3.75,5.25,4.75,-1.3093997,0.2413208,0.16302103,52.0,49.82143,2.0
73452,39.0,3.0,1.25,4.0,6.0,6.25,1.511670005804676e-09,-1.2259557304047914e-09,3.637826958962293e-10,91.277779,19.103449,2.0
51475,40.0,2.8333333,2.5,5.75,7.0,5.5,0.94511664,-1.3720262,3.7461777,59.888889,47.448277,2.25
28312,36.0,3.0,3.0,5.5,4.75,4.5,-1.1442481,0.91130722,0.2812131,41.833332,38.724136,3.25
13486,50.0,4.3333335,1.75,6.5,7.0,6.5,1.511670005804676e-09,-1.2259557304047914e-09,3.637826958962293e-10,100.0,100.0,1.3333334
56805,50.0,2.6666667,2.25,3.75,6.5,5.75,-1.4684325,-0.58582354,0.2901094,77.611115,76.827583,1.75
57697,28.0,3.3333333,2.0,5.25,7.0,5.5,1.1717527,2.3911111,-1.0642667,65.111115,57.689655,1.8333334
54837,36.0,2.3333333,1.25,3.0,5.25,7.0,1.0256379,-0.74479133,0.0075620287,97.777779,89.655174,1.25
29718,39.0,3.6666667,1.25,4.25,5.75,5.0,1.511670005804676e-09,-1.2259557304047914e-09,3.637826958962293e-10,61.944443,47.310345,3.0
26800,48.0,3.5,1.5,3.75,6.25,5.5,0.71976924,-0.60841566,-0.8127104,55.055557,46.551723,1.8333334
60493,34.0,2.5,1.25,3.0,4.75,4.25,1.511670005804676e-09,-1.2259557304047914e-09,3.637826958962293e-10,35.277779,27.586206,2.5
52051,40.0,3.3333333,1.75,4.5,6.75,6.75,0.13978951,-0.5333727,-0.8014102,95.055557,77.241379,1.4166666
30972,28.0,3.1666667,1.75,5.25,3.5,3.5,1.511670005804676e-09,-1.2259557304047914e-09,3.637826958962293e-10,61.555557,51.448277,2.1666667
47142,36.0,3.1666667,1.0,4.0,6.0,6.0,0.76502895,-0.032411281,0.13082045,67.166664,49.172413,2.4166667
69217,38.0,4.3333335,1.25,4.75,5.5,3.0,1.511670005804676e-09,-1.2259557304047914e-09,3.637826958962293e-10,88.833336,87.344826,2.0
69009,43.0,3.5,1.0,2.75,4.75,4.0,0.80840647,-0.4436664,-0.521384,29.111111,28.724138,2.0833333
84390,38.0,3.3333333,1.5,3.5,5.75,5.75,-0.23933302,-0.25459582,-0.8127954,27.444445,13.655172,1.6666666
74845,50.0,3.3333333,1.0,2.5,7.0,7.0,1.511670005804676e-09,-1.2259557304047914e-09,3.637826958962293e-10,80.833336,83.620689,1.0833334
90905,28.0,4.0,3.75,5.5,6.25,4.75,0.92381334,3.6458845,-1.3153094,65.777779,50.965519,3.6666667
39659,48.0,3.0,2.25,5.5,6.5,4.5,0.71976924,-0.60841566,-0.8127104,73.666664,59.241379,1.8333334
62072,50.0,2.5,1.0,3.25,7.0,6.5,1.511670005804676e-09,-1.2259557304047914e-09,3.637826958962293e-10,90.944443,66.206894,1.3333334
60396,38.0,3.8333333,1.25,3.75,6.25,6.0,0.84742218,-0.6599353,-0.80345267,94.611115,83.689651,1.75
61084,46.0,3.8333333,1.0,1.0,4.75,5.5,-1.6721231,-0.70376343,-0.68610728,90.0,93.620689,1.8333334
92412,43.0,3.3333333,1.5,3.0,6.25,5.75,0.73935002,-0.78377855,-0.0023623956,79.333336,58.379311,1.75
92038,47.0,3.3333333,2.5,6.0,6.75,6.5,0.82319832,-0.15642039,-0.91435379,71.470589,56.884617,1.6666666
33388,37.0,2.0,3.75,7.0,6.25,4.75,0.58545351,-0.92900908,1.2183897,63.388889,16.724138,3.0
31717,41.0,3.5,1.5,2.5,5.75,4.75,0.95152968,-0.68862206,-0.77559954,31.166666,42.724136,2.1666667
18324,36.0,3.8333333,3.0,4.75,6.0,6.0,1.511670005804676e-09,-1.2259557304047914e-09,3.637826958962293e-10,81.222221,89.827583,2.0833333
86440,41.0,3.0,1.0,1.5,3.75,4.75,-1.0566347,0.18483832,0.42833853,46.055557,47.724136,2.5
95585,30.0,2.8333333,2.0,2.75,4.75,5.75,0.81674796,-0.88321608,0.062979698,45.944443,42.310345,3.25
29792,40.0,3.1666667,2.0,4.5,5.5,6.5,0.22012526,0.12856054,0.089675069,61.777779,38.103447,2.0833333
14737,43.0,2.6666667,2.25,4.0,6.75,5.5,-1.6686573,1.1248391,-1.0425465,48.888889,53.103447,2.4166667
28223,49.0,2.5,1.0,1.0,4.25,4.75,1.511670005804676e-09,-1.2259557304047914e-09,3.637826958962293e-10,42.5,9.6551723,2.25
85708,43.0,2.6666667,1.0,3.0,5.5,5.5,-1.6862026,-0.19217435,-0.50064957,54.444443,56.586208,2.3333333
55452,26.0,3.1666667,1.0,6.25,6.25,6.25,0.083211727,0.61867249,-0.99810678,94.0,39.689655,2.75
20179,36.0,3.0,2.25,3.75,5.75,5.25,-0.33392915,0.25478578,0.12524408,78.388885,88.896553,2.25
78339,40.0,2.5,2.0,3.75,5.75,4.75,1.511670005804676e-09,-1.2259557304047914e-09,3.637826958962293e-10,79.222221,51.86570104858757,2.2795390894957985
23696,43.0,3.1666667,1.0,5.0,6.5,6.75,-1.5251653,-0.68059045,-0.70502394,56.888889,70.655174,2.3333333
28653,45.0,3.0,5.25,3.75,7.0,7.0,-1.6721231,-0.70376343,-0.68610728,100.0,92.931038,1.0833334
84715,37.0,2.1666667,3.5,4.75,4.5,2.0,1.0919585,-0.8263554,0.52303618,11.833333,46.068966,3.5833333
95559,44.0,3.0,1.75,3.0,5.0,5.25,0.63688821,-0.60648179,-0.81883299,67.0,58.931034,2.0833333
30152,33.0,2.6666667,1.0,5.5,5.0,4.5,1.1038587,0.49952883,0.020730263,38.833332,42.517242,2.75
68764,40.0,3.0,1.0,3.0,4.5,6.0,-0.59235674,2.4959373,2.2785518,47.222221,37.620689,1.5833334
60367,36.0,2.3333333,4.5,4.75,5.0,6.0,1.511670005804676e-09,-1.2259557304047914e-09,3.637826958962293e-10,70.833336,30.655172,3.1666667
36939,38.0,3.1666667,2.25,4.25,5.5,5.25,1.511670005804676e-09,-1.2259557304047914e-09,3.637826958962293e-10,77.388885,54.310345,2.9166667
59592,31.0,3.6666667,1.0,2.75,5.25,4.5,0.96095496,-0.15412229,-0.36566582,40.833332,29.827587,2.9166667
22897,35.0,3.5,3.0,4.75,6.0,5.75,1.511670005804676e-09,-1.2259557304047914e-09,3.637826958962293e-10,54.722221,60.517242,2.25
89652,47.0,3.1666667,1.0,1.0,3.25,4.0,-0.071979813,-0.2089095,-0.85759979,96.111115,42.172413,1.75
28724,36.0,3.1666667,1.0,4.0,5.0,4.0,-1.6721231,-0.70376343,-0.68610728,43.722221,46.862068,2.0
92895,35.0,3.3333333,5.25,6.0,6.5,6.5,1.1981477,-0.58934611,-0.83803099,39.055557,35.931034,2.3333333
69831,38.0,3.8333333,1.0,5.0,6.75,6.0,-0.41646814,-0.6235081,-0.77446502,70.555557,59.482758,2.0
59178,41.0,3.0,1.0,4.0,7.0,7.0,0.82822067,-0.73826003,-0.74438381,81.611115,60.896553,1.0833334
50072,28.0,3.5,1.0,3.25,6.0,4.5,1.511670005804676e-09,-1.2259557304047914e-09,3.637826958962293e-10,73.611115,69.689651,1.8333334
44927,36.0,3.5,1.5,4.0,5.75,4.25,1.0787356,-0.25540528,-0.8709982,50.444443,29.344828,2.0833333
71894,24.0,3.0,1.0,2.25,5.75,5.0,0.91951793,2.6769178,1.6915828,31.666666,43.068966,3.1666667
76790,38.0,2.8333333,1.75,3.5,5.0,5.0,1.511670005804676e-09,-1.2259557304047914e-09,3.637826958962293e-10,95.833336,78.103447,1.8333334
78428,33.0,3.5,1.0,3.75,5.75,6.5,1.511670005804676e-09,-1.2259557304047914e-09,3.637826958962293e-10,86.5,54.689655,2.6666667
66676,34.0,2.8333333,1.5,3.0,6.25,6.0,1.511670005804676e-09,-1.2259557304047914e-09,3.637826958962293e-10,81.0,69.0,2.3333333
95930,36.0,3.5,2.25,3.25,5.5,5.0,1.511670005804676e-09,-1.2259557304047914e-09,3.637826958962293e-10,63.5,38.689655,2.0833333
70962,42.0,3.6666667,3.75,2.25,2.75,2.5,1.511670005804676e-09,-1.2259557304047914e-09,3.637826958962293e-10,22.222221,17.586206,2.5833333
12738,26.0,3.0,1.0,1.5,4.25,4.5,-1.7694757,4.7105317,0.6539827,38.333332,26.241379,2.0
29647,22.0,2.5,1.75,5.0,5.25,3.0,1.511670005804676e-09,-1.2259557304047914e-09,3.637826958962293e-10,20.82353,37.310345,2.6666667
27111,39.0,3.0,1.25,3.25,6.0,5.75,0.36904371,-0.67900485,-0.77813202,68.833336,63.241379,1.8333334
30453,39.0,1.6666666,1.0,4.0,6.75,6.75,0.9169094,-1.2226806,3.6640887,67.277779,68.827583,1.0833334
58219,23.0,3.5,1.5,4.5,4.25,2.5,1.511670005804676e-09,-1.2259557304047914e-09,3.637826958962293e-10,47.555557,43.448277,2.4166667
28377,22.0,3.6666667,1.75,6.5,7.0,7.0,1.511670005804676e-09,-1.2259557304047914e-09,3.637826958962293e-10,59.055557,48.0,3.4166667
80177,46.0,3.3333333,1.0,6.5,7.0,6.0,1.0388857,-0.38296351,-0.30753398,66.0,34.206898,2.1666667
18677,36.0,3.3333333,2.25,5.25,7.0,5.5,1.511670005804676e-09,-1.2259557304047914e-09,3.637826958962293e-10,73.388885,52.827587,2.0833333
66047,28.0,2.8333333,1.0,1.0,3.25,4.0,-1.5541056,2.5522232,-0.97555989,61.722221,83.620689,2.3333333
58682,37.0,3.3333333,2.25,3.5,5.0,5.0,1.511670005804676e-09,-1.2259557304047914e-09,3.637826958962293e-10,43.666668,43.793102,2.25
81199,35.0,2.6666667,3.75,2.25,6.75,6.25,1.511670005804676e-09,-1.2259557304047914e-09,3.637826958962293e-10,69.111115,56.275864,2.6666667
85679,36.0,3.1666667,1.0,3.0,5.25,5.0,-1.2381083,-0.52350587,1.5557224,49.166668,56.379311,2.5
79834,36.0,3.3333333,1.25,4.25,4.0,4.75,1.1257639,0.3798576,-0.97954005,35.222221,58.379311,2.0833333
93471,39.0,3.1666667,3.25,5.75,7.0,5.25,-1.6721231,-0.70376343,-0.68610728,65.5,37.0,2.5
19538,41.0,3.6666667,1.5,5.0,6.5,6.0,0.83158505,0.26730725,-0.95140958,59.5,14.448276,1.6666666
14595,22.0,2.0,2.0,3.5,5.75,5.25,1.511670005804676e-09,-1.2259557304047914e-09,3.637826958962293e-10,61.388889,60.724136,3.4166667
38052,41.0,3.6666667,2.0,3.25,5.75,5.0,1.511670005804676e-09,-1.2259557304047914e-09,3.637826958962293e-10,74.833336,39.275864,1.6666666
33133,40.0,2.5,1.0,2.25,6.75,6.0,0.72713268,-0.37694117,5.1735635,59.111111,21.482759,3.0833333
40021,40.0,3.5,2.25,4.5,5.5,5.25,1.511670005804676e-09,-1.2259557304047914e-09,3.637826958962293e-10,56.777779,57.724136,2.4166667
27141,33.0,2.6666667,1.0,3.75,6.25,3.0,-1.1812061,-0.4870612,2.3373971,48.444443,18.137932,3.5833333
93858,40.0,2.6666667,2.0,2.75,5.75,5.25,0.56411642,-0.60823822,-0.49332091,68.277779,20.275862,2.0
47810,43.0,3.6666667,2.25,2.0,6.5,6.75,0.90425265,-0.63480026,-0.79685187,58.611111,74.0,2.3333333
58196,46.0,3.3333333,1.0,3.75,6.75,5.5,0.98012221,-0.73103732,-0.25311157,69.944443,76.551727,1.75
42773,43.0,2.8333333,1.0,2.5,5.5,4.5,1.085103,4.6238909,0.67699212,79.444443,59.034481,2.3333333
72152,42.0,3.1666667,1.0,5.0,6.75,6.25,0.62431133,-0.74572682,-0.017297646,83.055557,51.034481,2.0833333
76663,33.0,3.0,1.5,4.5,6.25,5.5,1.511670005804676e-09,-1.2259557304047914e-09,3.637826958962293e-10,41.888889,77.758621,2.25
48224,31.0,2.3333333,1.25,2.75,5.5,4.5,0.6297189,-0.80685192,0.27207536,40.222221,29.793104,2.6666667
30137,38.0,2.5,1.0,3.75,5.5,5.25,1.511670005804676e-09,-1.2259557304047914e-09,3.637826958962293e-10,44.388889,33.137932,2.75
68318,40.0,2.8333333,1.25,3.5,5.5,5.75,1.511670005804676e-09,-1.2259557304047914e-09,3.637826958962293e-10,57.0,51.310345,2.25
62246,46.0,3.1666667,2.5,4.0,5.5,4.25,-1.0865526,1.2335581,-0.34926704,44.444443,43.517242,2.5
69496,25.0,3.8333333,2.75,6.0,5.75,5.25,0.19392103,3.3021057,-1.4370267,93.0,89.724136,1.9166666
61028,40.0,2.5,1.0,3.5,6.0,6.0,1.511670005804676e-09,-1.2259557304047914e-09,3.637826958962293e-10,91.333336,56.551723,2.0
55424,30.0,2.8333333,5.5,6.75,5.5,5.75,0.77303904,-0.041169785,0.6992442,64.277779,34.137932,2.1666667
17581,34.0,3.0,1.0,4.0,7.0,7.0,-1.1450584,0.39847192,-0.17935757,85.611115,33.172413,2.25
23576,44.0,3.3333333,2.0,2.25,6.25,6.5,0.89910191,-0.14747384,-0.12266763,77.111115,64.310349,1.75
57842,38.0,3.6666667,1.5,4.5,5.75,5.0,1.511670005804676e-09,-1.2259557304047914e-09,3.637826958962293e-10,54.888889,23.965517,2.5
17522,35.0,2.5,1.0,2.75,6.25,6.25,1.511670005804676e-09,-1.2259557304047914e-09,3.637826958962293e-10,55.388889,55.448277,1.8333334
55685,43.0,3.1666667,1.75,4.5,6.0,6.25,1.511670005804676e-09,-1.2259557304047914e-09,3.637826958962293e-10,84.333336,65.689651,1.6666666
74079,41.0,2.8333333,1.0,5.25,6.75,5.75,1.511670005804676e-09,-1.2259557304047914e-09,3.637826958962293e-10,54.388889,63.068966,2.3333333
97833,40.0,3.3333333,1.75,3.25,6.5,5.0,-1.2025663,0.64483482,-0.20531085,62.5,44.034481,2.1666667
11992,20.0,1.6666666,2.25,4.0,5.75,4.25,1.511670005804676e-09,-1.2259557304047914e-09,3.637826958962293e-10,96.944443,54.931034,4.0833335
93485,50.0,3.3333333,4.25,4.5,6.25,6.25,-0.95900381,-0.66487199,-0.74072981,79.111115,77.896553,2.0
34402,31.0,2.8333333,1.0,3.25,4.25,5.25,-0.23698771,-0.64655477,-0.76206917,45.944443,80.172417,2.25
62617,45.0,3.6666667,1.0,3.75,6.25,5.5,-1.4871596,-0.6293065,-0.7329309,73.166664,53.137932,1.5833334
42137,39.0,3.6666667,1.75,5.0,6.0,4.0,0.76528001,-1.0696273,1.346308,59.5,53.206898,2.9166667
37305,33.0,3.1666667,1.25,4.5,4.75,4.0,0.32692942,1.9196097,-1.248359,54.277779,55.172413,2.1666667
48013,41.0,3.0,1.0,4.5,7.0,7.0,0.48904985,0.010903636,0.070507422,90.0,81.724136,2.1666667
44447,44.0,2.6666667,1.0,1.5,4.0,2.25,-1.5875715,-0.7511133,-0.44937995,42.611111,30.896551,1.8333334
14571,39.0,3.0,1.0,1.0,5.25,5.25,0.67773765,-0.29552439,2.2538528,76.777779,85.0,2.0
69057,35.0,2.5,1.5,4.5,5.25,5.25,-0.74818385,-0.68621832,0.5407455,64.888885,25.068966,3.25
49125,27.0,2.6666667,1.0,5.5,6.5,5.25,1.511670005804676e-09,-1.2259557304047914e-09,3.637826958962293e-10,44.222221,33.896553,2.8333333
66629,47.0,3.3333333,1.0,3.5,5.75,3.5,1.0742455,-0.27635634,-0.8690871,55.888889,59.655174,2.5
83542,42.0,2.8333333,1.0,2.75,4.25,3.0,-1.6104686,-0.67894447,-0.70171517,29.055555,53.655174,3.0833333
18222,47.0,3.0,1.0,4.25,5.75,5.25,1.511670005804676e-09,-1.2259557304047914e-09,3.637826958962293e-10,59.111111,23.517241,1.9166666
39738,40.0,2.3333333,4.0,5.5,6.75,5.75,-1.6355411,-0.4424445,0.82535011,33.222221,9.8965521,1.75
26858,33.0,2.8333333,1.0,4.75,6.75,4.75,-1.692917,0.13679318,-0.028781682,64.444443,35.172413,1.8333334
70552,37.0,3.8333333,1.0,2.75,5.0,3.75,1.511670005804676e-09,-1.2259557304047914e-09,3.637826958962293e-10,61.611111,49.0,3.0833333
38826,28.0,2.5,4.0,4.0,4.0,4.0,1.511670005804676e-09,-1.2259557304047914e-09,3.637826958962293e-10,14.055555,9.3448277,2.8333333
93504,35.0,2.6666667,2.5,4.0,7.0,7.0,1.511670005804676e-09,-1.2259557304047914e-09,3.637826958962293e-10,58.70705702286115,51.86570104858757,2.2795390894957985
64232,46.0,3.5,1.0,3.5,5.5,5.5,-1.620882,-0.92204785,0.62370896,48.944443,44.034481,1.75
37404,38.0,2.5,1.0,4.25,5.0,4.0,-1.237005,0.30666497,0.39239329,46.277779,43.862068,2.4166667
25961,32.0,3.1666667,1.0,3.0,6.25,5.75,-1.0323356,-0.51818818,-0.74561363,61.111111,40.137932,2.3333333
87330,30.0,2.5,2.0,4.75,6.0,4.75,1.511670005804676e-09,-1.2259557304047914e-09,3.637826958962293e-10,13.277778,27.551723,3.0833333
92028,28.0,1.3333334,1.75,6.5,7.0,6.75,-1.1651819,0.86749744,0.60547954,81.611115,70.172417,2.6666667
82248,34.0,3.3333333,1.0,2.75,4.0,3.25,1.511670005804676e-09,-1.2259557304047914e-09,3.637826958962293e-10,56.888889,65.965515,2.1666667
28824,34.0,2.8333333,2.25,1.75,2.75,3.75,0.80969942,-0.87154013,1.3386317,30.666666,52.620689,2.25
11482,41.0,3.1666667,1.75,3.5,6.0,5.5,-0.27290955,1.081324,0.22457734,33.611111,29.827587,2.0
69936,31.0,3.1666667,4.25,4.75,4.75,4.5,0.57293558,2.343637,0.75012344,53.666668,48.862068,3.3333333
91320,43.0,3.3333333,2.5,3.5,5.75,6.0,1.511670005804676e-09,-1.2259557304047914e-09,3.637826958962293e-10,53.666668,62.448277,2.3333333
37001,41.0,3.6666667,1.0,3.5,6.0,5.75,1.511670005804676e-09,-1.2259557304047914e-09,3.637826958962293e-10,66.055557,48.310345,2.0833333
70492,48.0,3.6666667,1.0,3.75,6.5,6.25,0.98954564,-0.63689214,-0.80183357,66.111115,74.344826,2.75
95543,45.0,3.8333333,1.5,3.75,5.0,4.0,1.511670005804676e-09,-1.2259557304047914e-09,3.637826958962293e-10,27.222221,51.86570104858757,2.6666667
21380,43.0,4.0,2.25,3.75,4.5,4.5,1.511670005804676e-09,-1.2259557304047914e-09,3.637826958962293e-10,40.611111,42.862068,2.25
67106,36.0,3.6666667,1.0,2.5,5.75,5.75,-1.6721231,-0.70376343,-0.68610728,62.444443,91.241379,2.1666667
25495,45.0,3.1666667,1.0,3.0,2.5,2.5,-1.6275144,0.28187522,-0.10708371,46.111111,56.172413,1.8333334
26581,48.0,3.1666667,1.0,4.0,7.0,7.0,-1.3380561,0.0074550537,-0.80848336,83.277779,79.448273,1.3333334
66642,39.0,2.6666667,1.0,1.75,6.0,4.75,-1.7038672,-0.26609346,0.002873813,62.0,38.827587,2.5
83612,31.0,2.5,3.25,3.75,5.25,4.0,0.58943409,-0.08341369,-0.36856568,47.888889,48.551723,2.9166667
63954,42.0,2.3333333,1.0,4.0,4.75,5.0,1.511670005804676e-09,-1.2259557304047914e-09,3.637826958962293e-10,21.0,34.551723,1.5833334
20665,47.0,2.8333333,2.75,5.25,5.5,5.25,1.19631,-0.42276278,-0.86467183,50.222221,23.896551,2.25
19122,40.0,2.8333333,1.0,1.75,5.5,5.75,0.28163528,0.30040073,0.091183834,63.444443,66.034485,2.5833333
99978,46.0,3.5,4.5,5.0,7.0,7.0,-1.276613,-0.68402547,-0.70495373,78.333336,65.862068,2.0833333
92566,49.0,4.1666665,2.0,4.25,6.25,5.75,0.72101367,-0.41237125,-0.84834141,79.722221,83.827583,1.4166666
39414,32.0,3.0,1.5,5.5,6.25,5.25,0.98684764,-0.28725821,0.18714669,62.222221,54.344826,2.1666667
35987,35.0,2.6666667,2.0,4.25,3.5,2.0,1.0512002,-0.61207318,-0.81744146,19.722221,11.24138,2.4166667
66655,42.0,3.3333333,2.75,2.0,5.0,2.5,0.3160558,0.61130643,-0.73939538,59.444443,59.827587,1.8333334
10547,36.0,3.6666667,1.0,4.0,6.75,6.75,0.84749192,0.20483741,-0.37193373,53.888889,34.379311,2.0
46373,46.0,3.3333333,1.75,4.0,6.0,4.25,-0.68193549,-0.69501579,-0.73295361,63.555557,64.586205,2.8333333
79341,38.0,3.3333333,3.5,4.0,4.75,5.0,0.57039136,0.50017023,2.3696039,63.833332,55.896553,2.25
19591,48.0,3.3333333,2.0,4.25,6.75,6.75,1.511670005804676e-09,-1.2259557304047914e-09,3.637826958962293e-10,72.055557,70.103447,1.8333334
83536,45.0,3.0,1.5,3.25,6.75,6.75,0.91957194,-0.76156729,-0.23167557,52.277779,47.344826,2.1666667
66682,46.0,3.6666667,1.0,2.75,5.0,4.75,-1.6721231,-0.70376343,-0.68610728,74.777779,66.724136,2.0
88337,43.0,3.6666667,2.5,2.75,4.25,4.25,0.51792467,-0.12322839,-0.38424352,37.222221,48.965519,2.5
67608,43.0,3.5,1.0,2.75,6.75,6.25,0.430105,-0.29155812,-0.85601169,52.0,65.275864,1.9166666
19735,44.0,3.5,1.75,5.5,5.75,5.5,-1.6354712,0.023705779,-0.039145548,55.833332,55.586208,2.1666667
42513,43.0,3.5,1.0,3.75,5.75,5.5,-1.3362082,-0.15868235,-0.78016961,47.5,41.379311,3.4166667
64595,46.0,3.6666667,1.0,3.5,5.75,4.0,-1.516965,-0.35242572,-0.48566204,45.222221,41.0,2.4166667
85134,33.0,3.3333333,6.75,3.0,5.75,5.75,1.511670005804676e-09,-1.2259557304047914e-09,3.637826958962293e-10,100.0,80.517242,1.25
51952,46.0,3.3333333,3.5,4.5,6.25,5.5,-1.7387668,-0.16674437,0.51432884,81.388885,31.689655,2.0
28837,34.0,3.5,1.0,4.75,5.25,5.5,-1.1906852,0.027341465,1.5118594,46.277779,43.379311,2.4166667
46266,30.0,2.8333333,4.5,4.75,5.0,4.75,0.59801537,-0.41492546,0.71798509,28.333334,47.620689,2.5833333
61289,46.0,3.0,1.0,1.0,3.25,3.0,0.94969195,-0.5220387,-0.80224037,18.055555,45.931034,2.0833333
18743,37.0,3.3333333,3.0,6.25,7.0,6.25,0.40936702,-0.28269032,0.19900076,86.722221,62.413792,2.3333333
13647,42.0,3.0,1.0,2.75,5.5,5.75,1.511670005804676e-09,-1.2259557304047914e-09,3.637826958962293e-10,41.055557,73.379311,3.4166667
59207,42.0,2.8333333,1.5,4.0,6.5,5.75,1.1179184,0.24359736,-1.0090529,56.388889,46.724136,2.0
48946,41.0,3.5,1.25,2.75,5.75,5.5,0.60328913,-0.036964606,0.11525843,84.444443,85.344826,1.9166666
86083,38.0,2.3333333,1.5,1.75,5.642857142857143,5.5,1.511670005804676e-09,-1.2259557304047914e-09,3.637826958962293e-10,62.5,57.586208,2.75
96613,43.0,2.5,1.0,4.0,5.5,6.5,-1.7181835,-0.95129979,0.886594,50.5,43.931034,2.0
49014,35.0,2.8333333,1.25,1.0,1.5,1.25,1.511670005804676e-09,-1.2259557304047914e-09,3.637826958962293e-10,5.5555553,59.310345,2.5833333
50766,43.0,3.3333333,2.0,3.25,5.0,4.75,-0.45517159,0.41696417,0.096861474,64.611115,50.620689,2.1666667
71089,36.0,4.1666665,1.75,3.25,4.25,4.0,0.87682903,-0.65751064,1.2930262,43.111111,30.482759,2.1666667
80980,43.0,3.3333333,2.0,4.5,6.25,5.5,-0.73442888,-0.89204729,0.54474229,51.666668,55.137932,2.0
29115,39.0,3.3333333,1.5,1.75,6.0,6.25,-0.078954868,-0.46771985,-0.28027314,74.222221,60.517242,2.25
98462,47.0,2.6666667,1.0,2.75,5.75,5.5,0.61773753,-0.23228545,-0.30950761,76.388885,66.724136,1.75
94455,34.0,3.5,2.5,5.25,6.25,5.5,0.53136349,0.33459681,0.90144634,76.055557,49.793102,2.4166667
11148,37.0,3.0,1.0,3.75,6.0,6.0,-1.5251653,-0.68059045,-0.70502394,83.055557,82.241379,1.9166666
88384,39.0,2.1666667,2.0,2.25,4.0,3.25,1.0474544,-0.67451614,1.7988356,58.722221,37.310345,3.1666667
60904,43.0,3.1666667,2.25,5.5,6.25,4.75,1.511670005804676e-09,-1.2259557304047914e-09,3.637826958962293e-10,58.777779,70.120003,2.1666667
64302,35.0,2.0,3.25,4.25,5.0,4.75,0.94261092,0.059348494,1.3437209,40.277779,38.068966,2.4166667
51882,35.0,3.0,1.8132867132867132,3.7482517482517483,5.642857142857143,5.211538461538462,1.511670005804676e-09,-1.2259557304047914e-09,3.637826958962293e-10,58.70705702286115,51.86570104858757,3.1666667
54200,43.0,4.0,1.0,1.0,1.0,3.75,1.511670005804676e-09,-1.2259557304047914e-09,3.637826958962293e-10,86.555557,3.3448277,3.5833333
22688,46.0,3.5,1.0,2.75,6.75,6.0,1.1419008,-0.67529023,-0.53305018,46.333332,45.724136,1.75
38815,38.0,2.1666667,2.5,5.0,5.75,5.0,0.96066284,-0.69354284,0.47994715,54.166668,45.111111,2.75
34525,39.0,3.1666667,1.5,2.5,5.5,6.25,0.67752272,0.19190951,1.1561892,80.944443,77.896553,1.6666666
68404,37.0,3.3333333,2.5,4.25,4.75,4.25,1.511670005804676e-09,-1.2259557304047914e-09,3.637826958962293e-10,42.777779,49.655174,2.5
71836,44.0,3.3333333,1.0,5.5,6.25,5.25,-0.35643524,-0.11446405,-0.85109872,80.222221,72.275864,1.5833334
12748,32.0,3.3333333,1.0,3.0,6.0,4.75,0.96069527,1.8583692,1.1186228,50.0,16.413794,1.4166666
33445,38.0,2.8333333,1.0,4.0,5.5,4.75,1.511670005804676e-09,-1.2259557304047914e-09,3.637826958962293e-10,94.166664,51.52,2.6666667
83078,26.0,3.0,1.5,5.0,5.0,3.5,0.43143946,2.8756728,-0.34881878,43.555557,27.413794,2.8333333
72160,44.0,1.8333334,1.0,1.0,6.5,6.25,0.48380563,-0.35849336,-0.81162089,82.888885,30.965517,2.0
55569,31.0,3.3333333,1.0,1.0,6.0,6.0,1.511670005804676e-09,-1.2259557304047914e-09,3.637826958962293e-10,16.444445,37.517242,2.9166667
72885,45.0,3.0,2.25,5.0,5.75,5.5,-1.3462048,0.66232574,-0.91243285,48.055557,27.206896,2.3333333
47006,42.0,2.5,2.5,5.25,4.75,2.75,0.7566756,-0.69109643,-0.069129661,37.166668,22.862068,3.0
36574,41.0,2.8333333,2.0,4.25,5.75,5.5,-1.1035165,-0.68857664,-0.71697485,52.555557,48.620689,2.1666667
71193,37.0,2.1666667,1.75,5.0,5.0,4.5,0.30725977,-0.34625727,2.0090678,55.833332,52.724136,3.0
44070,45.0,2.8333333,1.25,3.5,7.0,7.0,1.511670005804676e-09,-1.2259557304047914e-09,3.637826958962293e-10,53.722221,32.137932,3.1666667
49010,47.0,3.6666667,1.5,3.5,7.0,6.5,0.018731069,-0.75718606,-0.2346475,53.888889,53.793102,2.0
98760,44.0,3.3333333,1.0,6.0,5.75,4.5,-1.6984596,-0.32721856,0.29224679,43.388889,69.275864,2.0
95374,30.0,3.3333333,1.0,1.75,1.75,3.5,1.0968505,-0.02272162,0.76930612,37.833332,37.586208,2.5833333
71985,39.0,3.1666667,2.5,4.75,6.25,5.5,0.67209142,-0.85754508,0.29891163,21.944445,61.206898,1.9166666
43125,35.0,2.5,2.25,5.0,6.0,4.25,0.64528435,-0.70702392,-0.31411484,35.722221,33.689655,2.0833333
98117,40.0,3.1666667,1.0,2.0,4.5,3.75,-1.196841,-0.62881929,0.84829068,46.666668,43.827587,2.1666667
22989,40.0,3.6666667,1.0,2.5,5.75,6.25,1.511670005804676e-09,-1.2259557304047914e-09,3.637826958962293e-10,84.944443,80.344826,2.0833333
24883,46.0,3.5,1.0,1.75,5.0,5.5,-1.6721231,-0.70376343,-0.68610728,91.5,62.275864,1.75
20650,37.0,2.3333333,1.25,3.5,4.75,3.75,1.511670005804676e-09,-1.2259557304047914e-09,3.637826958962293e-10,29.833334,35.413792,3.0833333
19460,44.0,3.5,1.75,2.0,6.0,6.0,0.62560302,-0.7143662,0.76940477,67.888885,65.931038,2.0
66815,38.0,3.8333333,1.0,4.25,5.5,5.25,0.66168463,-0.52777642,-0.53437036,70.722221,34.0,1.8333334
89161,43.0,3.3333333,1.5,5.0,6.75,6.25,0.65867019,-0.23869328,-0.62146723,66.888885,68.206894,2.0833333
54956,33.0,3.3333333,1.25,3.25,4.25,2.5,1.511670005804676e-09,-1.2259557304047914e-09,3.637826958962293e-10,26.833334,62.793102,3.3333333
14847,34.0,2.5,1.75,3.25,5.0,5.5,-1.650867,-0.82538146,1.1312529,33.111111,41.931034,2.8333333
85453,42.0,3.5,1.0,3.5,6.0,6.0,1.511670005804676e-09,-1.2259557304047914e-09,3.637826958962293e-10,84.444443,43.862068,1.8333334
19827,30.0,2.8333333,2.0,5.75,7.0,3.75,1.511670005804676e-09,-1.2259557304047914e-09,3.637826958962293e-10,85.055557,30.931034,2.9166667
31121,41.0,3.5,1.0,2.5,5.75,3.75,1.511670005804676e-09,-1.2259557304047914e-09,3.637826958962293e-10,38.611111,69.862068,2.0833333
38683,32.0,2.5,1.0,4.5,5.75,5.25,-0.90042973,0.13664697,1.2031556,51.055557,41.344826,2.0833333
82918,40.0,3.0,1.5,3.5,5.75,6.0,0.93111795,-0.30775145,-0.85252279,60.0,73.517242,1.3333334
43382,37.0,3.5,2.25,4.25,4.25,3.75,-1.5468172,-0.2194135,-0.50866497,39.166668,83.758621,3.0
44344,21.0,1.8333334,3.0,4.5,5.5,6.25,1.511670005804676e-09,-1.2259557304047914e-09,3.637826958962293e-10,76.111115,57.689655,1.5833334
94215,37.0,2.1666667,3.0,5.0,6.5,5.25,1.511670005804676e-09,-1.2259557304047914e-09,3.637826958962293e-10,50.222221,29.620689,2.75
80675,19.0,4.5,2.0,6.0,6.0,5.5,0.91328216,2.4974728,3.886519,95.0,97.241379,1.5833334
57144,41.0,2.8333333,1.0,1.5,5.0,3.0,1.511670005804676e-09,-1.2259557304047914e-09,3.637826958962293e-10,38.5,28.931034,2.1666667
94662,36.0,3.6666667,1.0,3.25,4.25,2.5,1.511670005804676e-09,-1.2259557304047914e-09,3.637826958962293e-10,43.722221,42.931034,2.0
98700,45.0,3.5,1.5,4.0,6.75,6.75,0.32295269,-0.67542994,-0.52194196,65.222221,40.034481,1.5833334
44675,31.0,3.5,2.0,4.0,5.0,5.0,0.6457926,0.63145429,0.0063325092,48.611111,37.551723,2.9166667
33341,40.0,2.3333333,2.0,5.0,6.0,4.75,1.0802462,-0.70010918,-0.51744229,47.0,55.206898,2.75
37396,26.0,3.0,3.0,4.75,5.25,4.25,1.511670005804676e-09,-1.2259557304047914e-09,3.637826958962293e-10,31.833334,22.344828,2.5
65072,44.0,3.5,1.25,3.25,6.25,5.75,-1.5875612,-0.75066733,-0.44770703,53.388889,60.551723,2.1666667
37148,42.0,2.8333333,1.5,5.5,6.0,4.75,1.0303041,-0.85117435,0.53864408,33.888889,58.586208,2.4166667
11910,42.0,3.0,1.0,1.75,3.25,3.5,0.90908927,-0.6363818,-0.80646366,29.611111,36.137932,2.25
75438,31.0,3.0,2.0,5.0,5.75,4.5,-0.71189141,1.0021272,1.5423386,92.111115,80.724136,2.4166667
99733,34.0,3.5,1.0,1.0,5.5,5.25,-1.2362769,0.46917409,-0.15573636,42.611111,53.793102,2.3333333
27407,35.0,3.1666667,1.75,4.75,6.0,6.5,1.0734845,0.53610647,0.034198239,59.333332,52.724136,2.5
14250,40.0,3.3333333,1.0,1.75,5.75,4.75,1.0816313,-0.54767632,0.47599578,60.555557,19.068966,3.1666667
43794,32.0,3.6666667,1.0,5.5,3.75,2.75,0.82536012,-0.050975647,-0.85285825,45.222221,27.379311,3.0
73918,43.0,3.1666667,1.25,5.5,7.0,5.5,-0.42629516,-0.61985415,-0.75571907,31.166666,27.379311,1.4166666
60216,42.0,3.3333333,1.25,4.5,6.5,7.0,-0.29370594,-0.68492949,1.5628028,66.444443,64.275864,2.0833333
28681,39.0,3.5,1.25,4.75,7.0,7.0,1.511670005804676e-09,-1.2259557304047914e-09,3.637826958962293e-10,90.833336,85.586205,1.4166666
51437,42.0,3.0,1.0,3.0,5.0,4.5,0.63438278,-0.90380865,0.30390987,57.5,27.310345,3.0
21932,50.0,3.6666667,1.0,4.0,5.75,5.25,1.0402093,-0.85206831,1.9979755,59.444443,52.413792,1.9166666
29733,33.0,3.3333333,1.0,3.5,6.25,6.25,-1.4424223,-0.57462454,0.019162489,70.555557,75.517242,1.6666666
98206,42.0,3.3333333,2.0,3.0,5.0,3.0,1.511670005804676e-09,-1.2259557304047914e-09,3.637826958962293e-10,61.388889,54.310345,1.3333334
36385,34.0,3.6666667,2.5,5.5,6.0,6.0,0.24592538,0.42929566,0.87457645,57.111111,45.551723,2.6666667
26651,41.0,2.8333333,4.0,4.0,4.25,4.25,-0.55399299,0.3793236,0.12372778,66.888885,24.655172,2.0
54030,50.0,3.8333333,1.0,1.0,4.75,6.75,-0.85007465,-0.69216341,-0.74600929,54.666668,51.86570104858757,2.1666667
67993,36.0,3.5,2.0,4.0,5.75,4.75,-1.6739608,-0.53718013,-0.71274811,59.666668,55.068966,2.4166667
96543,45.0,2.1666667,2.0,5.25,6.5,5.75,0.95701271,-0.59111845,-0.83481902,72.277779,39.172413,1.75
49800,30.0,3.0,2.25,3.25,4.25,2.75,1.511670005804676e-09,-1.2259557304047914e-09,3.637826958962293e-10,42.5,55.896553,2.9166667
29296,25.0,3.6666667,1.5,4.25,7.0,6.75,1.511670005804676e-09,-1.2259557304047914e-09,3.637826958962293e-10,70.222221,52.137932,2.5
11002,49.0,3.3333333,1.0,3.5,5.75,5.25,-1.1772202,3.2397227,-1.4292272,66.277779,59.827587,2.25
72850,32.0,3.3333333,1.5,4.75,5.5,4.25,1.511670005804676e-09,-1.2259557304047914e-09,3.637826958962293e-10,68.611115,44.586208,1.9166666
15134,44.0,3.3333333,1.5,3.25,7.0,5.75,0.9400562,-0.19010292,-0.10458328,78.777779,51.344826,2.5833333
69124,41.0,3.1666667,2.0,2.25,4.25,4.5,-0.71607655,0.61664116,1.3394121,70.0,63.0,2.4166667
42531,37.0,3.1666667,1.0,5.0,6.25,5.75,1.511670005804676e-09,-1.2259557304047914e-09,3.637826958962293e-10,60.111111,66.620689,2.1666667
34062,47.0,3.3333333,1.0,1.0,6.5,6.25,-1.7106981,-0.27124768,-0.22793394,98.611115,85.172417,1.25
18111,38.0,3.1666667,1.0,2.25,4.25,3.5,0.63755679,-0.37447271,-0.8316412,45.055557,56.724136,2.4166667
42646,34.0,3.6666667,1.0,2.5,6.25,5.75,1.511670005804676e-09,-1.2259557304047914e-09,3.637826958962293e-10,89.833336,78.448273,1.75
63922,45.0,3.6666667,1.75,5.0,6.5,6.0,0.78643268,-0.52069563,-0.80729234,68.055557,46.137932,1.25
59097,39.0,2.8333333,2.75,4.5,5.75,4.75,-0.37391597,1.2184469,2.0634634,58.166668,48.172413,2.0833333
72912,46.0,2.6666667,1.0,2.5,6.25,6.25,0.47315121,-0.70769161,-0.75027895,61.666668,54.724136,1.0
91484,30.0,3.1666667,1.0,3.25,4.0,3.75,1.0131842,-0.66380304,-0.79120743,22.277779,24.275862,3.0
24833,40.0,3.6666667,1.25,5.0,5.25,4.0,0.87687838,0.18028294,-0.70961863,67.833336,53.896553,3.0
21971,36.0,3.6666667,2.0,6.0,6.25,5.5,1.511670005804676e-09,-1.2259557304047914e-09,3.637826958962293e-10,61.277779,18.862068,2.1666667
58654,46.0,4.1666665,5.75,2.75,4.5,2.5,1.511670005804676e-09,-1.2259557304047914e-09,3.637826958962293e-10,41.944443,48.620689,2.1666667
13928,42.0,3.1666667,1.5,4.0,6.5,4.25,1.1359,-0.25153735,-0.88469493,40.833332,30.862068,2.8333333
84502,44.0,3.5,5.75,6.25,6.75,7.0,1.0532544,0.072528496,-0.92982692,69.944443,49.931034,3.0
64090,39.0,3.1666667,2.0,3.0,7.0,7.0,-1.7435987,1.4831946,0.22603256,78.944443,35.068966,2.1666667
52123,42.0,4.0,1.0,1.75,6.5,6.0,1.511670005804676e-09,-1.2259557304047914e-09,3.637826958962293e-10,29.5,51.034481,2.5
78783,44.0,3.6666667,2.25,3.75,6.0,6.25,-1.7051851,-0.77099764,-0.14801146,84.055557,79.586205,1.9166666
25197,46.0,3.3333333,2.75,4.5,7.0,7.0,1.1359,-0.25153735,-0.88469493,83.333336,63.275864,1.5
35872,50.0,4.0,1.0,3.25,7.0,7.0,0.49679992,-0.73415661,-0.73797983,87.0,89.517242,1.6666666
93462,31.0,2.6666667,1.75,6.0,4.25,3.75,1.511670005804676e-09,-1.2259557304047914e-09,3.637826958962293e-10,49.722221,48.310345,2.75
23270,31.0,2.5,3.25,5.75,7.0,5.75,0.32594925,-0.50871676,-0.5691185,93.555557,66.655174,1.5833334
69807,23.0,3.3333333,1.0,1.75,5.75,6.0,1.511670005804676e-09,-1.2259557304047914e-09,3.637826958962293e-10,88.46154,100.0,1.8333334
92716,40.0,3.1666667,1.0,2.75,6.5,6.75,-1.7465793,-1.124917,1.9557718,89.444443,77.586205,2.1666667
66061,42.0,3.1666667,4.75,4.5,6.5,6.75,-0.75626773,0.0626221,-0.12708257,51.444443,42.896553,2.5833333
56058,39.0,3.0,1.0,4.0,6.25,4.5,1.0883088,1.4468261,0.8596794,34.388889,60.586208,2.9166667
57854,37.0,3.1666667,2.0,2.75,5.75,6.0,0.30744001,-0.25130278,-0.3122676,64.722221,55.379311,2.3333333
68679,44.0,3.6666667,1.0,2.0,6.5,4.25,1.0400435,-0.40299326,-0.86444163,39.6875,14.517241,2.4166667
90750,32.0,3.1666667,1.25,3.0,5.25,4.25,0.88803744,-0.54685771,-0.78663248,78.555557,69.241379,2.25
70125,39.0,2.5,3.0,6.75,7.0,6.75,0.80152982,1.6479424,-0.64205641,72.833336,61.275864,1.6666666
67192,40.0,2.1666667,2.0,2.0,5.75,5.5,0.77415413,0.054374829,1.415589,27.944445,77.896553,1.6666666
12029,33.0,2.6666667,1.0,2.25,4.75,5.0,1.511670005804676e-09,-1.2259557304047914e-09,3.637826958962293e-10,27.277779,61.172413,3.25
70745,48.0,2.6666667,1.0,1.75,6.0,5.5,1.511670005804676e-09,-1.2259557304047914e-09,3.637826958962293e-10,60.722221,50.620689,1.5833334
43255,41.0,3.6666667,2.5,5.75,6.5,6.25,1.511670005804676e-09,-1.2259557304047914e-09,3.637826958962293e-10,50.0,48.827587,1.8333334
93856,26.0,2.0,1.25,3.25,6.0,5.5,1.511670005804676e-09,-1.2259557304047914e-09,3.637826958962293e-10,62.944443,34.034481,2.3333333
10237,23.0,3.3333333,4.5,4.0,4.25,5.0,-0.48709139,1.5437258,0.68172103,81.888885,37.0,3.25
97448,48.0,4.1666665,1.0,3.5,5.75,6.25,-1.1786126,0.62802559,-0.90603244,75.222221,60.068966,1.8333334
43603,50.0,3.5,2.25,2.25,1.0,1.0,1.511670005804676e-09,-1.2259557304047914e-09,3.637826958962293e-10,48.777779,2.5517242,2.6666667
86974,41.0,3.0,1.25,4.75,6.75,7.0,1.511670005804676e-09,-1.2259557304047914e-09,3.637826958962293e-10,97.555557,94.965515,2.0
89165,30.0,3.6666667,1.75,4.75,3.75,2.5,1.511670005804676e-09,-1.2259557304047914e-09,3.637826958962293e-10,63.055557,60.379311,2.1666667
97280,32.0,2.6666667,4.75,5.0,5.75,5.25,0.084589332,1.2710167,0.69334298,40.055557,55.034481,2.9166667
54098,36.0,3.6666667,3.25,4.0,5.25,5.5,1.511670005804676e-09,-1.2259557304047914e-09,3.637826958962293e-10,55.5,55.103447,2.5833333
66156,21.0,3.5,2.0,4.75,5.5,6.0,1.511670005804676e-09,-1.2259557304047914e-09,3.637826958962293e-10,39.222221,34.67857,2.6666667
67177,41.0,2.5,2.0,2.5,7.0,6.75,-1.4210807,-0.70845765,-0.69144058,57.277779,54.413792,1.9166666
22540,34.0,3.5,2.0,2.5,5.75,4.25,1.511670005804676e-09,-1.2259557304047914e-09,3.637826958962293e-10,32.833332,32.379311,2.9166667
70668,36.0,3.3333333,2.25,3.25,4.25,4.5,1.511670005804676e-09,-1.2259557304047914e-09,3.637826958962293e-10,35.333332,11.551724,2.4166667
15586,20.0,2.3333333,6.25,6.5,2.75,2.5,0.36532634,3.9014461,-1.5603019,85.5,60.827587,2.5
27232,38.0,2.6666667,2.75,5.0,7.0,6.25,1.511670005804676e-09,-1.2259557304047914e-09,3.637826958962293e-10,81.277779,35.583332,2.0833333
18611,31.0,2.0,3.0,3.75,6.5,5.75,1.0373216,1.3339297,2.9566386,64.388885,32.379311,2.0
87328,47.0,3.1666667,1.0,2.5,7.0,7.0,0.49538448,0.15852883,-0.71757126,65.0,87.586205,1.1666666
88963,40.0,2.6666667,1.0,3.5,5.25,5.0,-1.259577,-0.35161132,-0.75280255,51.888889,64.172417,2.1666667
61756,38.0,3.6666667,5.25,6.0,6.0,6.0,1.511670005804676e-09,-1.2259557304047914e-09,3.637826958962293e-10,77.055557,61.275864,2.9166667
57045,33.0,3.3333333,1.0,4.0,5.5,3.0,1.511670005804676e-09,-1.2259557304047914e-09,3.637826958962293e-10,50.222221,41.896553,3.1666667
49497,39.0,3.5,2.0,4.5,6.25,5.5,-1.6031513,0.19025201,-0.63802439,81.666664,88.793106,1.9166666
15031,46.0,2.6666667,1.5,3.25,5.25,5.0,-1.2719176,-0.15421432,0.29605952,72.555557,53.862068,2.3333333
79607,38.0,3.6666667,1.75,4.25,6.75,7.0,0.1679101,3.2448006,-1.2381775,60.611111,53.034481,2.5833333
41952,43.0,3.6666667,2.25,4.75,6.25,6.0,1.511670005804676e-09,-1.2259557304047914e-09,3.637826958962293e-10,47.222221,42.965519,2.0
17183,43.0,4.3333335,1.0,2.5,5.5,2.5,1.511670005804676e-09,-1.2259557304047914e-09,3.637826958962293e-10,49.055557,32.517242,2.5833333
22408,41.0,3.0,1.5,2.75,7.0,6.75,0.41447708,-0.63248229,-0.8010838,78.055557,53.793102,2.0
54435,33.0,2.0,1.0,1.25,4.75,5.5,1.511670005804676e-09,-1.2259557304047914e-09,3.637826958962293e-10,35.777779,22.379311,2.6666667
38554,35.0,2.5,1.0,4.5,6.5,5.25,1.511670005804676e-09,-1.2259557304047914e-09,3.637826958962293e-10,43.666668,36.586208,2.0833333
38293,32.0,3.1666667,3.5,5.0,5.5,5.5,0.4663263,-0.80412614,0.26989156,49.388889,40.793102,2.6666667
33785,30.0,3.3333333,1.5,4.5,6.0,5.5,-0.07154955,0.44850767,0.82973909,64.722221,57.034481,2.9166667
44310,49.0,3.1666667,1.25,2.25,6.5,6.25,1.511670005804676e-09,-1.2259557304047914e-09,3.637826958962293e-10,20.388889,51.86570104858757,1.75
33009,48.0,3.5,1.75,3.5,6.25,5.25,0.72639155,-0.65990973,-0.56949139,37.388889,33.034481,2.6666667
31294,42.0,3.6666667,1.25,3.25,6.25,5.5,0.86160356,0.40928999,0.019513462,64.388885,57.620689,2.0
65143,32.0,3.5,2.5,5.25,5.25,4.25,1.0748386,-0.63898408,-0.80681527,55.666668,78.137932,2.3333333
91726,44.0,3.1666667,2.0,3.0,5.75,5.75,0.64151484,-0.6160776,1.0124193,63.611111,59.931034,1.8333334
59355,47.0,2.8333333,2.0,4.25,6.75,6.75,0.81372172,-0.41795909,-0.86096478,80.722221,17.689655,2.0
96184,41.0,3.1666667,1.25,2.5,3.25,2.75,-1.6739608,-0.53718013,-0.71274811,39.555557,54.862068,2.0
92339,32.0,3.6666667,1.0,3.25,5.75,4.75,1.511670005804676e-09,-1.2259557304047914e-09,3.637826958962293e-10,57.722221,43.862068,2.3333333
70005,30.0,3.3333333,2.75,4.0,5.5,4.75,1.511670005804676e-09,-1.2259557304047914e-09,3.637826958962293e-10,34.111111,46.551723,3.75
64157,35.0,3.8333333,1.75,6.25,6.75,6.75,1.511670005804676e-09,-1.2259557304047914e-09,3.637826958962293e-10,70.444443,74.827583,2.1666667
68050,38.0,4.1666665,1.0,5.25,6.5,7.0,-1.6721231,-0.70376343,-0.68610728,88.611115,30.137932,2.0833333
46151,43.0,2.5,1.25,4.75,6.75,6.75,1.0505099,-0.6148808,0.22528592,89.888885,94.448273,1.75
79395,41.0,3.5,1.0,2.25,6.5,6.75,-1.5300902,-0.67835367,-0.70278585,84.555557,66.655174,2.0833333
59863,46.0,3.6666667,1.5,3.25,5.5,6.75,-0.21981117,-0.65386903,-0.78156078,64.944443,48.793102,2.0
63419,39.0,3.5,1.75,4.25,6.0,4.25,0.57464051,-0.268673,-0.86549693,56.055557,49.689655,1.75
22913,47.0,2.1666667,1.0,1.0,6.25,6.25,-1.2800561,0.41349721,-0.61761653,39.277779,45.551723,1.9166666
91313,35.0,3.5,2.5,4.25,5.5,5.5,1.511670005804676e-09,-1.2259557304047914e-09,3.637826958962293e-10,45.666668,79.034485,2.3333333
14511,38.0,3.6666667,2.5,5.25,5.75,4.75,1.511670005804676e-09,-1.2259557304047914e-09,3.637826958962293e-10,42.888889,46.241379,2.3333333
73962,35.0,3.5,2.25,5.0,5.0,3.75,1.511670005804676e-09,-1.2259557304047914e-09,3.637826958962293e-10,53.944443,43.275864,2.6666667
48969,29.0,2.0,1.0,2.5,4.0,5.5,1.0277728,-1.6310496,5.5770364,100.0,19.551723,1.0
22093,38.0,3.5,2.25,5.0,7.0,6.5,-0.38643551,-0.66846859,-0.73774898,46.722221,54.793102,2.6666667
32919,33.0,3.3333333,2.25,3.0,4.0,4.5,-1.2075305,1.9099191,-1.1831553,49.277779,56.551723,1.8333334
10153,47.0,3.3333333,1.75,2.5,6.75,6.75,1.511670005804676e-09,-1.2259557304047914e-09,3.637826958962293e-10,77.944443,68.172417,1.9166666
79731,29.0,2.6666667,2.25,3.5,3.0,2.5,1.1522028,0.54597509,0.7858451,27.055555,47.655174,3.75
63611,48.0,3.3333333,1.5,3.25,6.0,3.75,1.511670005804676e-09,-1.2259557304047914e-09,3.637826958962293e-10,50.5,61.344826,2.0
64296,40.0,3.5,2.0,3.0,6.0,6.0,-1.2553065,0.83428758,0.34171382,73.111115,52.965519,3.0833333
23487,43.0,3.0,2.75,3.0,6.5,5.5,0.60550541,-0.2951763,-0.32547653,62.111111,44.724136,2.5833333
17569,48.0,3.6666667,1.0,1.0,4.25,5.75,0.87295198,-0.74210221,-0.49817732,55.222221,70.896553,1.3333334
77036,37.0,2.8333333,1.0,1.75,5.5,5.25,1.0407962,0.48321986,0.029259108,58.333332,49.517242,2.6666667
53518,36.0,3.3333333,1.5,2.5,5.0,5.5,1.511670005804676e-09,-1.2259557304047914e-09,3.637826958962293e-10,8.8888893,19.068966,2.0833333
92340,32.0,3.3333333,1.0,3.75,7.0,6.5,1.511670005804676e-09,-1.2259557304047914e-09,3.637826958962293e-10,86.333336,56.206898,2.1666667
37485,33.0,2.6666667,4.75,7.0,5.5,4.5,-0.0066350712,1.0766584,1.815235,59.555557,52.137932,3.0
33953,34.0,3.3333333,1.75,4.75,6.25,6.0,1.511670005804676e-09,-1.2259557304047914e-09,3.637826958962293e-10,48.357143,58.57143,2.0833333
53333,37.0,2.0,4.5,2.5,5.0,5.5,0.33239147,1.5266609,2.5126395,53.5,37.206898,2.25
82986,50.0,3.6666667,1.0,3.0,7.0,6.5,-0.23698771,-0.64655477,-0.76206917,92.222221,91.551727,1.6666666
61772,41.0,3.3333333,2.0,2.75,6.5,6.0,0.27899262,-0.23396589,0.17030647,80.64286,68.413795,1.9166666
47280,40.0,3.5,1.25,5.0,5.75,4.0,0.62248397,-0.57098269,-0.53058916,44.111111,41.551723,2.1666667
70566,39.0,3.0,3.25,5.5,7.0,7.0,-1.4585903,-0.59992999,-0.21865597,99.666664,74.896553,2.1666667
82964,36.0,3.6666667,1.25,4.75,7.0,7.0,0.47547016,-0.70377159,-0.79060477,63.888889,60.241379,2.0
11402,40.0,2.6666667,3.0,3.25,5.5,5.25,0.60665858,1.9725053,2.8766894,48.166668,58.137932,2.1666667
38610,45.0,3.6666667,1.0,2.5,6.5,4.75,-0.057364862,-0.86983538,0.30269897,59.722221,61.034481,1.8333334
96610,45.0,3.3333333,1.75,3.5,6.25,5.75,0.70288664,-0.68282038,-0.79396737,72.055557,62.931034,2.0
77711,35.0,3.5,1.0,5.5,5.0,3.25,1.0799198,0.94976479,-1.1554964,51.222221,26.344828,3.0
48505,37.0,3.6666667,1.0,3.5,6.75,6.75,1.511670005804676e-09,-1.2259557304047914e-09,3.637826958962293e-10,40.777779,60.827587,2.5833333
78667,43.0,2.1666667,3.0,4.0,6.25,6.5,-0.44249997,-1.4854696,4.3173757,56.388889,49.275864,2.1666667
17020,45.0,2.5,1.0,1.75,5.75,4.5,-1.640821,-0.45766982,1.1147339,46.444443,45.206898,2.0
48676,41.0,3.3333333,2.0,2.5,6.75,5.75,1.511670005804676e-09,-1.2259557304047914e-09,3.637826958962293e-10,64.166664,55.206898,1.8333334
29885,36.0,2.8333333,1.0,5.75,7.0,7.0,-1.274123,-0.68528467,-0.71035725,79.944443,65.172417,2.1666667
32976,39.0,3.5,1.5,4.0,5.25,4.25,1.511670005804676e-09,-1.2259557304047914e-09,3.637826958962293e-10,37.333332,50.344826,2.6666667
79167,50.0,3.6666667,1.5,2.25,5.75,6.5,0.80321801,-0.035609785,-0.081814192,100.0,92.137932,1.5
65061,35.0,2.5,1.75,2.5,4.75,5.75,0.9195016,-0.5038107,0.75645608,63.611111,69.655174,1.9166666
43710,35.0,3.0,1.0,3.0,6.75,6.5,1.511670005804676e-09,-1.2259557304047914e-09,3.637826958962293e-10,91.944443,76.724136,1.9166666
61389,32.0,3.0,2.25,5.75,5.75,4.75,1.511670005804676e-09,-1.2259557304047914e-09,3.637826958962293e-10,36.888889,38.655174,3.3333333
22455,46.0,2.5,1.0,1.25,7.0,7.0,0.79986769,-0.96704704,0.58097023,27.722221,37.344826,1.75
82819,46.0,2.5,1.0,2.5,5.0,5.5,-1.2121454,0.38382077,0.14817382,90.833336,91.517242,1.8333334
67771,39.0,3.5,1.5,3.5,5.5,5.5,-0.7295047,0.23488347,0.15098654,68.125,58.758621,2.1666667
57443,46.0,2.8333333,1.0,3.25,5.0,5.75,-1.7051851,-0.77099764,-0.14801146,42.777779,47.241379,1.5833334
96469,40.0,3.8333333,1.25,3.75,5.25,3.5,1.511670005804676e-09,-1.2259557304047914e-09,3.637826958962293e-10,31.277779,24.965517,2.25
94579,40.0,3.5,1.5,4.25,5.25,5.25,-0.42930192,-0.05467841,-0.82180887,58.70705702286115,51.86570104858757,2.0
29257,47.0,3.5,2.25,3.75,6.0,5.0,0.11771528,-0.3248347,0.20507722,70.666664,45.137932,1.75
23518,36.0,2.8333333,2.0,4.5,5.5,4.75,0.61980832,-0.74213648,0.53592139,32.5,38.448277,2.6666667
80484,35.0,3.5,1.25,4.0,6.5,5.5,-0.68422312,-0.30504981,-0.78132486,54.5,47.103447,3.0833333
49539,45.0,3.3333333,2.0,4.5,5.5,4.75,-1.371941,-0.32990479,0.3023507,51.277779,41.068966,2.9166667
63904,27.0,1.8333334,3.25,4.5,6.25,5.5,0.85519838,0.42267215,1.6744574,34.555557,34.103447,1.9166666
82490,41.0,3.1666667,2.0,4.25,6.5,6.0,0.4453522,-0.35760269,-0.57278788,64.944443,52.206898,2.8333333
20335,50.0,2.3333333,1.25,2.25,5.5,6.25,-1.2200812,-0.30814901,0.26692617,86.222221,31.827587,2.3333333
35031,50.0,3.0,1.0,2.75,5.75,4.5,-0.25465226,-0.72047389,-0.25854576,70.111115,53.862068,1.6666666
88185,45.0,3.0,1.0,1.5,4.5,4.25,0.78050941,-0.74284792,0.51622069,40.555557,45.862068,2.4166667
35344,39.0,4.0,1.0,2.0,6.75,7.0,1.0457014,-0.85785925,0.50407165,88.777779,38.965519,2.0
31175,43.0,2.8333333,3.0,3.25,5.5,4.5,0.58708566,-0.74003232,-0.74117184,68.888885,43.793102,2.4166667
41167,39.0,1.8333334,1.0,1.0,7.0,4.0,0.4588182,-0.084931575,0.2085934,37.944443,31.068966,1.6666666
98325,35.0,3.5,1.0,3.5,6.25,5.75,0.81889862,0.89072788,-1.030769,73.888885,52.758621,2.9166667
36963,41.0,3.5,1.0,4.0,6.25,5.5,0.63185078,0.69564521,0.23142059,52.0,66.206894,2.5
50666,35.0,3.3333333,1.0,4.0,5.0,5.0,1.511670005804676e-09,-1.2259557304047914e-09,3.637826958962293e-10,50.611111,45.448277,2.75
98624,32.0,3.3333333,2.0,3.75,5.25,4.25,0.81323576,-1.437147,3.4952388,31.611111,15.517241,2.75
42617,33.0,3.1666667,1.0,4.25,6.0,5.25,1.511670005804676e-09,-1.2259557304047914e-09,3.637826958962293e-10,70.5,49.827587,2.6666667
58793,25.0,3.6666667,2.75,5.0,6.0,5.25,0.84166873,0.53921908,2.8553622,72.722221,26.379311,2.9166667
25125,38.0,3.8333333,2.25,4.5,5.0,4.5,1.511670005804676e-09,-1.2259557304047914e-09,3.637826958962293e-10,56.722221,38.862068,3.1666667
25548,38.0,2.3333333,2.0,4.25,5.75,4.75,0.69402516,0.048976645,0.091568269,51.944443,51.620689,2.0
25966,34.0,3.6666667,2.0,2.75,4.25,3.5,0.89379984,-0.86508197,0.012799405,33.555557,69.551727,3.3333333
95444,26.0,2.8333333,3.75,4.5,5.75,5.25,1.511670005804676e-09,-1.2259557304047914e-09,3.637826958962293e-10,52.944443,63.206898,3.1666667
96689,41.0,3.1666667,1.25,3.0,4.0,3.0,0.9795965,-0.11807392,-0.634754,42.277779,37.965519,2.4166667
22587,25.0,3.5,1.0,1.75,2.5,3.5,-1.5049096,1.0364257,0.53533757,18.0,14.793103,4.5
43581,19.0,3.3333333,2.5,4.25,6.25,5.0,1.511670005804676e-09,-1.2259557304047914e-09,3.637826958962293e-10,24.166666,22.241379,3.0
75578,47.0,2.3333333,3.25,4.0,5.0,4.5,-1.6251215,-0.060385235,0.26579612,47.222221,47.620689,1.8333334
43507,38.0,2.3333333,4.75,4.75,6.0,5.75,0.89631164,-1.0461531,1.4600978,29.111111,17.206896,2.3333333
91551,48.0,3.1666667,1.0,1.5,5.5,6.25,0.53400743,-0.26356643,-0.63723069,63.444443,57.206898,2.25
30676,48.0,1.1666666,1.0,4.5,6.0,6.5,1.0868709,-0.76102948,0.22502424,82.666664,1.7586207,1.3333334
19030,43.0,3.6666667,1.25,4.5,4.25,3.75,1.0579584,-0.72281504,-0.28882477,65.0,50.068966,2.5833333
33657,44.0,3.5,1.5,3.5,6.25,5.5,0.9966687,0.74412149,-1.0686609,35.777779,44.931034,3.0833333
76521,43.0,3.5,2.0,3.25,6.25,5.25,0.63272256,-0.37460256,-0.81110543,75.333336,41.379311,1.75
52848,49.0,3.8333333,1.0,1.75,5.25,4.75,-1.7005188,-0.87738067,0.38307056,51.666668,29.034483,1.5833334
40231,42.0,3.1666667,2.75,3.0,5.25,4.75,0.080957875,-0.2278555,0.22523774,69.722221,64.241379,2.25
65656,31.0,3.5,4.25,5.0,6.0,5.75,-0.48639286,0.83937967,0.26164898,71.666664,73.034485,1.5833334
30610,43.0,3.0,1.0,4.0,7.0,7.0,1.511670005804676e-09,-1.2259557304047914e-09,3.637826958962293e-10,82.5,64.862068,1.5
36117,50.0,3.5,2.0,3.5,4.25,2.5,1.1513888,-0.93731016,1.2325555,58.611111,60.172413,2.5
82587,32.0,3.0,1.0,1.25,5.25,5.25,1.511670005804676e-09,-1.2259557304047914e-09,3.637826958962293e-10,8.6111107,5.8965516,2.25
14690,29.0,3.3333333,3.0,6.25,4.75,2.5,1.511670005804676e-09,-1.2259557304047914e-09,3.637826958962293e-10,63.722221,2.1379311,3.1666667
40569,47.0,2.0,1.0,2.5,6.25,7.0,0.88987517,-0.71344101,-0.75999165,57.222221,32.068966,1.0833334
97021,30.0,3.6666667,2.0,5.25,5.5,5.25,1.511670005804676e-09,-1.2259557304047914e-09,3.637826958962293e-10,55.055557,77.137932,2.75
26320,39.0,3.6666667,3.0,5.0,6.25,6.0,0.75413948,0.35624573,-0.99407268,65.111115,59.206898,2.3333333
77532,42.0,2.8333333,1.25,3.0,5.5,5.25,1.511670005804676e-09,-1.2259557304047914e-09,3.637826958962293e-10,71.277779,65.862068,1.9166666
92515,47.0,3.1666667,2.25,5.25,5.25,4.5,-1.6927689,0.058986504,-0.077592179,50.111111,45.758621,2.3333333
97844,40.0,3.5,1.75,2.75,6.25,5.5,1.511670005804676e-09,-1.2259557304047914e-09,3.637826958962293e-10,45.833332,51.206898,2.0833333
81647,38.0,3.5,1.0,4.5,6.75,4.5,1.511670005804676e-09,-1.2259557304047914e-09,3.637826958962293e-10,73.111115,35.0,1.6666666
33127,50.0,3.8333333,1.75,2.25,5.25,3.25,-1.2578892,-0.70825368,-0.69041651,53.611111,62.0,1.9166666
45958,43.0,3.5,1.0,1.75,6.0,5.5,0.86786813,-0.38556615,-0.89815247,90.117645,86.965515,1.4166666
49790,48.0,3.5,1.0,3.5,6.75,6.0,0.089148916,-0.77605355,-0.51790088,53.75,67.615387,1.6363636
74251,43.0,3.6666667,1.0,4.0,6.75,6.75,-0.7781114,-0.16819522,-0.80700213,85.222221,62.517242,1.4166666
28326,29.0,2.6666667,1.75,4.25,6.5,5.75,-0.58194518,-0.055675745,-0.58816355,44.666668,40.068966,1.6666666
20507,46.0,2.6666667,1.0,3.75,7.0,7.0,-1.0502458,0.25350574,-0.88120204,91.944443,74.724136,1.25
71592,32.0,4.0,2.25,5.25,4.75,4.75,0.90242338,-0.43583822,0.4200339,41.888889,39.551723,2.5
15181,39.0,3.0,1.0,5.75,6.25,5.75,1.511670005804676e-09,-1.2259557304047914e-09,3.637826958962293e-10,78.222221,66.896553,2.0
70209,30.0,2.5,1.0,6.0,6.0,5.5,0.66203052,-1.0038326,1.6163776,44.722221,45.413792,2.5
78657,38.0,3.1666667,1.0,4.5,5.0,5.0,0.63453412,-0.079700701,0.63106489,46.111111,66.068962,2.75
21887,48.0,3.0,1.75,3.25,5.5,6.5,-1.5233284,-0.20369859,-0.81473035,44.222221,44.793102,2.0833333
48154,44.0,3.3333333,1.5,3.75,6.75,4.0,0.76454115,-0.65800136,-0.80957526,61.333332,71.379311,1.8333334
92953,50.0,3.3333333,1.75,4.0,5.25,4.75,1.511670005804676e-09,-1.2259557304047914e-09,3.637826958962293e-10,55.444443,25.862068,1.8333334
90192,35.0,1.6666666,3.5,4.75,6.25,5.25,-1.1324302,0.90652919,-0.77563566,67.888885,47.482758,2.8333333
51495,37.0,3.3333333,2.0,4.25,5.75,5.5,1.511670005804676e-09,-1.2259557304047914e-09,3.637826958962293e-10,57.055557,48.689655,1.6666666
34344,40.0,3.8333333,1.0,4.0,6.0,4.25,1.0553365,-0.54631984,-0.32993269,58.166668,46.689655,2.25
21793,45.0,3.3333333,1.75,3.0,5.25,5.75,-0.48910367,0.95860404,1.3129972,73.944443,85.0,2.5833333
37218,33.0,2.5,2.75,3.25,4.0,4.25,1.1749555,1.822184,-0.96651316,25.055555,58.310345,1.8333334
17932,44.0,2.0,2.25,3.25,6.25,7.0,0.57318956,0.51810497,-0.7541461,66.0,39.620689,1.9166666
95026,38.0,2.5,1.25,5.75,6.5,5.5,1.511670005804676e-09,-1.2259557304047914e-09,3.637826958962293e-10,62.666668,86.586205,1.5833334
66800,48.0,2.1666667,1.25,3.0,6.0,6.25,-1.6029689,-0.7444284,-0.41480753,59.722221,41.931034,1.9166666
73693,38.0,3.3333333,1.0,1.0,5.25,5.5,0.70544392,0.44160345,0.080259062,66.333336,49.551723,2.75
80429,37.0,2.8333333,2.75,5.75,5.75,5.0,1.511670005804676e-09,-1.2259557304047914e-09,3.637826958962293e-10,30.055555,27.448277,2.5
75149,38.0,3.1666667,1.75,4.0,7.0,7.0,1.2022662,0.51097816,-1.0196786,32.666668,61.862068,3.0
61659,32.0,1.8333334,6.5,4.25,5.5,2.5,1.511670005804676e-09,-1.2259557304047914e-09,3.637826958962293e-10,33.055557,34.103447,3.0833333
81420,38.0,2.6666667,2.0,2.5,5.75,6.0,-1.5251653,-0.68059045,-0.70502394,64.666664,56.724136,2.0
33740,32.0,3.3333333,1.0,4.25,5.5,4.75,0.61538684,1.2390739,2.0493875,48.0,57.172413,2.1666667
37979,45.0,3.0,1.75,2.75,6.5,6.0,1.511670005804676e-09,-1.2259557304047914e-09,3.637826958962293e-10,59.722221,32.448277,2.5
87192,24.0,4.6666665,1.0,4.5,6.75,6.25,1.511670005804676e-09,-1.2259557304047914e-09,3.637826958962293e-10,50.888889,35.103447,3.1666667
67709,42.0,3.6666667,1.0,4.0,6.75,6.5,0.97531807,0.38368189,0.29556617,49.888889,74.758621,2.4166667
36552,39.0,3.3333333,1.25,5.0,6.0,5.5,-1.6900996,-0.57575315,-0.43646666,61.111111,54.758621,2.0
14301,36.0,3.3333333,2.0,3.75,5.75,5.5,1.511670005804676e-09,-1.2259557304047914e-09,3.637826958962293e-10,62.611111,57.034481,2.4166667
36384,50.0,3.1666667,1.0,3.0,6.25,7.0,1.511670005804676e-09,-1.2259557304047914e-09,3.637826958962293e-10,96.666664,100.0,1.1666666
63138,47.0,3.5,1.0,1.5,3.75,3.5,-1.6912088,-0.16622898,-0.7512539,44.5,30.689655,1.4166666
51298,38.0,3.1666667,2.25,5.25,5.25,5.5,1.511670005804676e-09,-1.2259557304047914e-09,3.637826958962293e-10,26.0,29.344828,2.4166667
74632,34.0,3.3333333,1.25,2.5,4.25,3.5,1.511670005804676e-09,-1.2259557304047914e-09,3.637826958962293e-10,28.722221,51.689655,2.1666667
16654,50.0,3.3333333,1.75,2.5,6.75,6.25,0.66062099,-0.56780893,-0.78326988,66.555557,81.655174,1.8333334
54394,46.0,2.8333333,1.0,2.5,5.75,7.0,0.15932067,-0.46414083,-0.8032313,77.833336,44.517242,1.5
84768,31.0,2.3333333,1.5,6.25,6.5,5.75,-1.2290316,0.24146566,0.16027746,57.555557,32.206898,1.9166666
29134,39.0,3.8333333,2.0,3.5,5.75,4.75,-0.25732419,-0.050287571,0.43158248,33.444443,39.448277,2.25
24029,16.0,3.0,1.25,5.5,7.0,7.0,1.1364924,0.029310096,-0.95877039,96.666664,92.172417,1.8333334
35361,43.0,3.0,1.0,4.0,7.0,6.25,0.65784585,0.41504809,-0.75135601,56.277779,59.931034,1.75
87056,24.0,3.3333333,3.5,5.5,5.5,5.0,1.511670005804676e-09,-1.2259557304047914e-09,3.637826958962293e-10,65.0,19.862068,3.0
49086,41.0,3.8333333,1.75,2.0,3.75,3.5,-1.0221533,0.04738747,-0.35670355,52.722221,52.724136,2.9166667
67917,30.0,3.3333333,1.75,3.25,5.25,5.25,0.93431431,1.5521314,0.11358122,45.888889,76.655174,3.3333333
85503,33.0,2.1666667,2.25,5.0,6.0,5.5,1.1346555,-0.44758177,-0.84906399,60.833332,39.482758,2.5
60008,35.0,3.0,1.0,4.75,7.0,7.0,0.99446034,-0.63957483,-0.80574459,73.611115,67.241379,2.3333333
66542,40.0,3.1666667,2.5,2.75,4.5,3.75,1.511670005804676e-09,-1.2259557304047914e-09,3.637826958962293e-10,83.666664,76.931038,2.5833333
55881,46.0,3.5,3.25,5.5,5.5,4.0,0.72280174,-0.46399516,-0.58458662,52.333332,19.689655,2.4166667
86265,31.0,3.0,3.75,4.25,4.0,3.75,1.511670005804676e-09,-1.2259557304047914e-09,3.637826958962293e-10,53.722221,71.379311,3.5
10732,23.0,3.5,3.25,6.25,5.0,4.0,1.511670005804676e-09,-1.2259557304047914e-09,3.637826958962293e-10,29.277779,25.172413,2.9166667
22119,32.0,3.3333333,1.5,4.0,6.75,6.0,1.511670005804676e-09,-1.2259557304047914e-09,3.637826958962293e-10,98.277779,68.689651,2.5833333
50797,22.0,1.6666666,2.25,3.25,6.25,6.25,1.511670005804676e-09,-1.2259557304047914e-09,3.637826958962293e-10,30.055555,58.172413,3.8333333
39564,44.0,3.0,1.25,4.0,4.75,5.0,1.511670005804676e-09,-1.2259557304047914e-09,3.637826958962293e-10,67.722221,50.482758,2.6666667
39285,38.0,2.6666667,2.75,4.25,5.5,5.0,1.511670005804676e-09,-1.2259557304047914e-09,3.637826958962293e-10,80.277779,40.034481,3.6666667
22460,38.0,2.1666667,3.5,5.0,4.5,5.5,-0.80743045,1.7906709,-0.71469808,65.722221,64.413795,2.5833333
25172,47.0,3.3333333,1.0,3.75,6.0,6.25,1.511670005804676e-09,-1.2259557304047914e-09,3.637826958962293e-10,83.333336,74.275864,1.6666666
77134,28.0,2.1666667,1.75,4.25,5.5,5.0,0.6014896,-0.078921162,-0.34471282,48.055557,67.310349,2.8333333
22143,35.0,2.8333333,1.25,3.5,6.5,5.25,0.82073629,0.72414452,-1.0041281,69.111115,62.862068,2.0833333
93766,35.0,2.6666667,3.0,5.0,5.0,5.0,0.92344302,1.765431,0.83964908,70.277779,29.620689,2.3333333
45097,39.0,3.0,1.25,5.0,6.75,6.0,-0.80936211,1.4165553,-0.0066823955,80.055557,62.172413,1.9166666
26289,39.0,3.5,1.0,1.5,6.0,6.5,0.6653592,-0.21746789,-0.61743593,51.0,53.620689,1.9166666
95490,40.0,3.3333333,2.25,3.5,5.5,5.0,-0.3212803,-0.46845254,0.29820928,69.5,55.448277,3.0833333
66979,28.0,2.5,3.75,1.0,1.0,1.0,0.79327679,3.6215923,-1.2758498,13.777778,28.655172,4.3333335
23253,27.0,2.5,4.25,4.25,6.0,4.75,1.511670005804676e-09,-1.2259557304047914e-09,3.637826958962293e-10,47.555557,48.379311,2.5833333
12900,39.0,3.8333333,1.5,4.5,6.25,6.0,1.511670005804676e-09,-1.2259557304047914e-09,3.637826958962293e-10,70.222221,64.758621,2.0833333
90079,40.0,3.5,2.0,5.5,6.5,6.0,-1.3760265,-0.58488405,-0.17905635,58.277779,36.310345,2.5
47584,48.0,3.0,3.75,6.5,6.75,5.75,1.511670005804676e-09,-1.2259557304047914e-09,3.637826958962293e-10,22.944445,19.586206,3.75
97990,33.0,3.3333333,1.75,4.25,6.75,6.75,0.30966756,-0.65416026,-0.55977863,50.777779,71.0,2.5833333
39248,33.0,4.0,1.0,1.0,4.5,4.75,1.1997772,0.11888931,-0.94841659,66.111115,11.068966,2.3333333
29354,49.0,3.8333333,1.0,2.75,5.75,5.0,0.82822067,-0.73826003,-0.74438381,37.555557,52.517242,1.4166666
25743,38.51324965132496,3.122501160948396,1.8132867132867132,3.7482517482517483,5.642857142857143,5.211538461538462,1.511670005804676e-09,-1.2259557304047914e-09,3.637826958962293e-10,58.70705702286115,51.86570104858757,2.2795390894957985
91429,28.0,2.1666667,1.0,1.0,1.75,2.5,0.65513283,2.207792,0.50953186,34.111111,50.758621,1.6666666
82269,33.0,3.1666667,4.75,5.25,6.0,6.0,-0.77137095,0.077887759,-0.57463866,88.777779,65.620689,2.1666667
22842,35.0,3.3333333,2.0,3.75,6.0,6.0,-1.1024725,0.39236104,0.40043285,64.722221,42.103447,3.0833333
31311,29.0,3.6666667,2.0,6.25,6.75,6.75,-1.7610124,3.3977015,0.43031254,58.055557,63.103447,2.75
32423,36.0,3.0,1.5,3.75,4.75,4.5,0.65497798,-0.040874828,-0.086954795,47.777779,24.379311,2.75
33084,41.0,3.1666667,1.75,2.75,5.25,5.75,0.82822067,-0.73826003,-0.74438381,43.333332,55.344826,1.6666666
14279,36.0,2.1666667,1.5,4.5,6.5,6.0,1.0272757,-0.23568635,0.14980833,59.222221,54.379311,1.9166666
91932,50.0,3.3333333,1.0,4.0,5.5,5.25,0.47628421,0.29382133,-0.98214477,75.444443,58.448277,1.5
32404,42.0,3.5,1.5,3.25,6.25,6.0,0.50220495,-0.63555181,-0.80290008,63.388889,48.724136,2.25
73577,38.0,2.1666667,2.75,4.25,6.75,4.0,0.84962457,1.0638593,-0.27624124,81.333336,72.931038,2.0
70561,48.0,2.3333333,2.25,3.25,6.25,5.5,1.511670005804676e-09,-1.2259557304047914e-09,3.637826958962293e-10,56.111111,42.896553,1.9166666
43177,45.0,3.3333333,1.25,3.5,6.25,5.75,1.511670005804676e-09,-1.2259557304047914e-09,3.637826958962293e-10,55.722221,50.413792,2.1666667
36501,42.0,3.6666667,1.0,3.5,5.25,5.75,-0.61337322,0.40758854,-0.92925858,84.111115,83.413795,3.4166667
26857,41.0,3.6666667,2.0,3.0,5.5,5.75,1.511670005804676e-09,-1.2259557304047914e-09,3.637826958962293e-10,71.222221,77.551727,1.9166666
28327,30.0,3.6666667,1.0,5.0,5.25,4.5,1.1981477,-0.58934611,-0.83803099,56.333332,50.758621,2.4166667
42674,39.0,4.0,2.75,4.25,3.25,4.0,0.73912674,-0.085236065,0.48001117,23.388889,41.827587,2.6666667
79897,37.0,3.1666667,1.0,1.75,5.75,5.75,-0.32871553,1.1157284,1.014239,34.944443,44.103447,2.0
64978,43.0,3.5,1.5,3.75,7.0,7.0,0.409659,-0.56592727,-0.76131189,65.0,37.241379,2.8333333
70434,37.0,3.0,1.0,1.75,2.0,2.0,1.511670005804676e-09,-1.2259557304047914e-09,3.637826958962293e-10,58.70705702286115,54.482758,2.6666667
52302,40.0,3.3333333,1.0,1.5,4.5,5.5,-0.49296811,-0.94763613,0.8620891,69.277779,40.275864,2.25
97050,36.0,3.0,1.75,5.0,7.0,7.0,1.511670005804676e-09,-1.2259557304047914e-09,3.637826958962293e-10,97.111115,83.413795,1.9166666
46418,42.0,3.0,2.0,5.5,6.5,6.0,1.08355,0.046097349,-0.64389706,55.5,54.172413,1.3333334
86691,40.0,3.1666667,1.0,3.0,5.75,6.0,-1.1460755,-0.03982193,-0.089833118,49.777779,54.586208,2.5
93002,37.0,3.0,1.5,5.0,6.5,6.0,0.78675485,0.097942263,-0.065041743,45.333332,55.448277,1.8333334
81930,38.0,3.5,1.25,3.5,5.75,6.0,0.91242534,2.662751,-0.14425169,44.055557,51.793102,3.1666667
56543,29.0,1.3333334,1.0,5.5,7.0,7.0,1.1553619,1.1400701,0.19308449,90.555557,47.206898,1.6666666
92618,30.0,3.0,3.0,5.5,4.5,2.75,-0.67629921,0.24093418,3.3247628,62.5,47.344826,2.3333333
17470,23.0,3.1666667,3.25,6.0,5.5,4.75,1.511670005804676e-09,-1.2259557304047914e-09,3.637826958962293e-10,17.833334,23.896551,3.25
74211,42.0,3.8333333,1.5,3.5,6.5,7.0,-1.3463545,-0.22220863,-0.53263837,79.944443,78.413795,1.75
35180,43.0,3.0,1.0,2.25,3.0,3.5,1.511670005804676e-09,-1.2259557304047914e-09,3.637826958962293e-10,51.5,62.620689,2.0833333
89142,40.0,3.0,2.5,4.0,7.0,7.0,-1.3165634,-0.63304442,-0.74122137,99.944443,100.0,2.4166667
24898,30.0,2.6666667,1.0,6.25,6.75,7.0,0.66744685,4.6439152,-0.77364522,98.333336,96.896553,1.4166666
74413,45.0,2.8333333,1.0,1.0,5.25,6.75,0.93280584,-0.66439384,-0.79013675,91.944443,78.758621,1.5
38824,30.0,2.6666667,1.0,3.25,7.0,7.0,-0.09420757,-0.51736295,-0.51456982,65.3125,40.142857,2.4166667
51723,39.0,2.5,2.5,5.25,6.5,6.5,0.03385793,0.58077127,0.59126556,78.111115,73.482758,1.8333334
79352,36.0,3.8333333,2.25,2.5,3.0,3.75,0.38930446,-0.69882745,-0.31914026,37.222221,31.862068,1.8333334
30814,46.0,3.5,2.5,4.75,4.5,5.5,1.511670005804676e-09,-1.2259557304047914e-09,3.637826958962293e-10,60.277779,42.0,2.75
90502,48.0,3.6666667,1.0,3.75,5.75,6.75,-1.6540236,0.99562454,-0.22785722,78.666664,53.172413,2.8333333
94456,44.0,1.6666666,2.75,4.75,5.0,4.0,-0.92607892,0.39278445,0.86396563,64.611115,25.172413,3.4166667
70661,45.0,2.3333333,1.0,3.5,7.0,7.0,-0.0044412515,-0.43806285,-0.81198412,85.944443,70.586205,1.75
50976,32.0,2.3333333,1.75,6.25,6.25,5.5,1.511670005804676e-09,-1.2259557304047914e-09,3.637826958962293e-10,57.777779,58.758621,2.0833333
55533,44.0,3.5,2.0,4.25,5.5,6.25,-1.478963,-0.53344405,1.3610537,52.222221,47.137932,1.5833334
12156,44.0,2.1666667,2.0,4.0,5.5,6.5,-1.2096401,-0.40135741,0.2838107,75.722221,67.827583,1.6666666
76485,36.0,3.6666667,1.0,4.5,6.75,6.25,1.511670005804676e-09,-1.2259557304047914e-09,3.637826958962293e-10,75.5,62.034481,1.9166666
33239,47.0,3.5,1.0,3.5,4.5,3.75,1.511670005804676e-09,-1.2259557304047914e-09,3.637826958962293e-10,35.222221,64.222221,2.5833333
72570,36.0,3.0,1.0,1.0,4.0,1.75,0.85695899,-1.3313003,2.2003994,10.833333,21.103449,2.9166667
67574,35.0,2.6666667,2.25,4.75,6.0,5.5,0.20056798,-0.92588902,1.8612039,80.611115,21.344828,2.0
42231,43.0,3.5,1.75,2.5,6.0,6.25,0.76511759,-0.19835509,-0.41698092,75.277779,68.241379,2.0
44639,46.0,3.8333333,1.0,2.0,5.75,5.25,-0.16929913,-0.17470685,-0.89409071,57.5,63.344826,1.3333334
64072,38.0,3.6666667,1.0,4.5,4.5,4.5,0.23362188,2.0447192,-1.2573366,55.555557,70.137932,1.6666666
84960,44.0,3.0,1.5,3.5,4.75,4.5,1.1336504,1.9668975,0.2769236,51.222221,60.103447,2.5
43809,41.0,3.0,2.5,4.25,5.75,6.25,1.511670005804676e-09,-1.2259557304047914e-09,3.637826958962293e-10,29.277779,33.724136,2.25
27941,41.0,3.0,2.0,3.5,3.75,3.75,-1.7581365,0.081242763,1.2272173,49.166668,51.655174,2.3333333
31033,34.0,3.0,1.0,6.0,5.75,6.5,1.1098423,0.78167927,-1.0583745,69.055557,43.517242,2.0
39301,28.0,3.1666667,1.5,3.75,5.5,4.5,1.511670005804676e-09,-1.2259557304047914e-09,3.637826958962293e-10,48.944443,58.517242,2.75
10469,32.0,3.0,1.25,4.5,6.5,7.0,1.511670005804676e-09,-1.2259557304047914e-09,3.637826958962293e-10,58.166668,40.034481,2.8333333
77789,42.0,3.8333333,1.0,3.5,5.5,4.5,1.1981477,-0.58934611,-0.83803099,51.888889,34.275864,2.0833333
47024,33.0,3.0,1.0,6.25,4.5,4.5,1.1134008,0.87423676,-0.083043687,59.888889,54.0,2.5833333
88582,39.0,3.1666667,1.75,2.25,4.25,3.0,0.79170322,-0.76887131,0.6057204,39.444443,38.137932,2.0833333
73897,37.0,2.6666667,2.25,4.25,6.0,5.5,1.511670005804676e-09,-1.2259557304047914e-09,3.637826958962293e-10,61.888889,45.0,2.0833333
83470,37.0,3.5,2.0,2.75,5.25,4.75,0.58246219,-0.036735162,-0.15688881,49.388889,39.586208,2.8333333
67015,41.0,3.0,1.5,4.5,6.25,5.25,0.83186603,-0.47417307,-0.83024412,71.611115,47.931034,1.9166666
26272,39.0,3.3333333,2.5,3.75,5.0,4.75,0.7929337,0.18789953,0.12732156,74.944443,59.103447,2.0
21909,46.0,2.8333333,1.25,3.0,5.5,4.5,-0.89218974,0.39493707,0.59651303,40.444443,58.344826,3.1666667
88882,48.0,3.3333333,2.75,5.75,6.25,5.5,0.49766213,-0.0023813958,0.097915396,82.0,55.241379,1.6666666
96828,49.0,3.5,1.0,4.5,5.75,5.0,1.511670005804676e-09,-1.2259557304047914e-09,3.637826958962293e-10,74.277779,48.758621,1.3333334
64406,41.0,3.0,2.25,2.5,5.0,5.25,0.22934243,-0.70176005,-0.78918248,58.722221,74.827583,2.25
31985,47.0,4.5,1.0,1.0,4.25,5.75,1.0576771,-0.56211668,-0.097213805,82.666664,59.241379,1.1666666
91337,35.0,3.5,3.5,4.75,6.5,6.25,-0.4130539,-0.64998782,0.75843585,52.555557,33.620689,3.25
87664,38.0,3.0,1.5,4.25,5.75,5.5,1.511670005804676e-09,-1.2259557304047914e-09,3.637826958962293e-10,55.722221,18.172413,2.0833333
19245,36.0,2.6666667,1.25,5.25,6.25,6.0,0.9860872,0.56200236,2.8042099,63.055557,53.620689,2.0
83748,42.0,2.6666667,1.25,4.75,6.25,6.75,-1.0873587,-0.66371709,-0.4808293,72.777779,31.206896,1.9166666
49915,36.0,3.0,1.75,4.0,4.75,3.5,1.511670005804676e-09,-1.2259557304047914e-09,3.637826958962293e-10,53.333332,52.758621,2.0833333
51865,29.0,1.8333334,2.0,3.5,4.0,3.5,1.511670005804676e-09,-1.2259557304047914e-09,3.637826958962293e-10,28.111111,25.222221,3.6666667
78407,30.0,2.8333333,2.5,3.25,4.75,4.5,0.61114413,0.050910536,0.08544565,40.722221,45.344826,2.25
93787,33.0,3.6666667,1.0,3.25,5.5,5.0,1.511670005804676e-09,-1.2259557304047914e-09,3.637826958962293e-10,58.055557,66.310349,2.4166667
52621,40.0,3.1666667,2.25,4.5,6.25,5.25,0.59646022,-0.65805364,-0.78149468,54.388889,36.551723,2.5833333
38914,30.0,2.8333333,3.25,2.5,6.25,5.5,1.511670005804676e-09,-1.2259557304047914e-09,3.637826958962293e-10,52.555557,52.137932,2.8333333
37594,36.0,3.3333333,2.0,3.0,5.0,4.5,1.511670005804676e-09,-1.2259557304047914e-09,3.637826958962293e-10,29.777779,36.517242,3.0
19833,44.0,3.1666667,2.0,3.0,6.0,4.25,-0.056199439,-0.62266147,1.2852987,64.777779,66.689651,2.0833333
17270,37.0,3.6666667,2.0,3.0,5.0,5.25,1.511670005804676e-09,-1.2259557304047914e-09,3.637826958962293e-10,52.055557,29.379311,3.1666667
40864,24.0,3.0,3.5,2.5,4.5,3.75,1.511670005804676e-09,-1.2259557304047914e-09,3.637826958962293e-10,18.529411,40.482758,2.9166667
38313,29.0,2.0,2.5,5.5,6.5,5.0,-0.18980449,0.40385646,1.3186747,63.722221,52.482758,2.5
55340,41.0,3.5,1.0,2.75,6.5,5.75,-0.43868548,-0.60905939,-0.79622656,44.888889,40.206898,2.0
18707,49.0,2.5,1.0,1.5,5.0,5.0,1.1981477,-0.58934611,-0.83803099,33.444443,32.689655,2.6666667
26718,36.0,3.5,1.0,4.0,4.5,4.0,0.98641723,0.51429027,0.031237638,57.111111,45.206898,3.25
63347,34.0,3.5,3.75,4.0,5.75,5.0,0.72184128,-0.083953112,-0.16422154,46.666668,44.689655,2.5
35824,45.0,3.8333333,1.25,3.5,4.75,5.0,0.79441726,-0.85075217,0.035421073,63.055557,77.068962,1.9166666
48826,45.0,3.8333333,1.0,1.25,5.5,4.75,1.511670005804676e-09,-1.2259557304047914e-09,3.637826958962293e-10,60.0,61.034481,2.0
11454,27.0,2.8333333,1.75,4.25,4.5,4.0,1.511670005804676e-09,-1.2259557304047914e-09,3.637826958962293e-10,28.0,42.827587,3.1666667
93246,45.0,3.1666667,2.5,5.5,5.25,5.25,1.0536121,-0.61223119,-0.82854575,64.222221,46.551723,2.8333333
75341,46.0,3.5,1.25,2.25,6.5,6.5,0.33093464,-0.72665668,-0.78111953,73.277779,48.172413,2.1666667
35925,29.0,2.6666667,4.25,5.75,6.0,4.5,1.511670005804676e-09,-1.2259557304047914e-09,3.637826958962293e-10,41.166668,41.068966,2.4166667
