egoid,Extraversion_2,Agreeableness_2,Conscientiousness_2,Neuroticism_2,Openness_2
44869,3.75,3.5555556,3.4444444,3.25,3.0
43516,4.25,2.6666667,2.8888888,4.0,3.5555556
89411,3.0,3.5555556,3.5555556,3.0,3.4444444
74285,3.0,3.5555556,3.5555556,3.0,3.4444444
56527,3.0,3.5555556,3.5555556,3.0,3.4444444
16819,3.625,3.3333333,4.4444447,3.25,4.5555553
34591,3.0,3.5555556,3.5555556,3.0,3.4444444
89972,3.75,3.1111112,3.4444444,3.0,3.7777777
92552,3.875,4.1111112,4.4444447,2.75,3.5555556
73158,3.625,3.5555556,4.0,2.375,3.3333333
45963,3.625,3.8888888,3.4444444,4.625,3.1111112
22138,4.125,3.7777777,4.0,3.0,4.3333335
90136,3.0,3.5555556,3.5555556,3.0,3.4444444
46744,3.0,3.8888888,3.2222223,3.5,3.1111112
77941,3.0,3.5555556,3.5555556,3.0,3.4444444
44873,3.0,3.5555556,3.5555556,3.0,3.4444444
36540,3.25,4.2222223,3.4444444,1.75,3.6666667
14527,3.0,3.5555556,3.5555556,3.0,3.4444444
83005,3.0,3.5555556,3.5555556,3.0,3.4444444
31439,3.5,3.4444444,2.2222223,3.75,3.4444444
21899,3.0,3.5555556,3.5555556,3.0,3.4444444
29232,4.625,3.7777777,4.4444447,3.0,3.2222223
32249,3.0,3.5555556,3.5555556,3.0,3.4444444
45375,3.625,3.2222223,1.8888888,2.625,4.0
25536,2.875,3.5555556,3.3333333,3.5,3.4444444
32037,3.875,4.5555553,4.0,1.875,3.6666667
90476,3.0,3.5555556,3.5555556,3.0,3.4444444
46558,2.125,3.6666667,2.6666667,2.125,2.8888888
24016,3.0,3.5555556,3.5555556,3.0,3.4444444
52277,2.625,3.3333333,3.4444444,3.375,3.8888888
93699,2.625,3.4444444,2.7777777,3.625,3.7777777
36875,3.0,3.5555556,3.5555556,3.0,3.4444444
84011,2.375,3.4444444,4.0,3.25,2.8888888
90646,3.0,3.5555556,3.5555556,3.0,3.4444444
88008,3.875,3.5555556,3.1111112,1.875,4.2222223
88967,3.875,3.8888888,3.3333333,3.0,4.2222223
46701,3.0,3.5555556,3.5555556,3.0,3.4444444
83566,2.0,3.8888888,3.7777777,4.125,2.6666667
21090,3.5,4.4444447,4.1111112,2.125,4.3333335
69419,3.0,3.5555556,3.5555556,3.0,3.4444444
87032,2.625,3.6666667,3.4444444,3.5,4.2222223
94641,2.25,4.2222223,3.0,4.125,4.4444447
82728,2.125,4.3333335,4.1111112,3.125,3.2222223
45076,3.25,4.1111112,3.6666667,2.75,3.2222223
58437,4.125,3.4444444,3.2222223,3.125,3.4444444
94862,3.0,3.5555556,3.5555556,3.0,3.4444444
14606,3.0,3.5555556,3.5555556,3.0,3.4444444
64075,3.0,3.5555556,3.5555556,3.0,3.4444444
39787,3.375,3.1111112,3.8888888,2.625,3.1111112
82376,3.625,4.1111112,4.0,2.25,4.3333335
44872,3.125,4.1111112,3.8888888,2.625,3.6666667
87783,3.0,3.5555556,3.5555556,3.0,3.4444444
22199,3.0,3.5555556,3.5555556,3.0,3.4444444
47498,3.0,3.5555556,3.5555556,3.0,3.4444444
57325,3.0,3.5555556,3.5555556,3.0,3.4444444
53776,3.0,3.5555556,3.5555556,3.0,3.4444444
58633,4.0,3.6666667,3.4444444,3.875,3.7777777
27306,4.0,4.4444447,4.2222223,3.5,3.1111112
80607,3.0,3.8888888,3.4444444,2.0,4.6666665
73143,2.625,3.8888888,4.0,3.375,2.5555556
35797,3.0,3.4444444,3.1111112,2.5,2.4444444
46365,3.5,3.6666667,3.4444444,2.75,3.5555556
30596,2.0,2.4444444,2.1111112,3.0,2.7777777
31045,3.0,3.5555556,3.5555556,3.0,3.4444444
74492,3.0,3.5555556,3.5555556,3.0,3.4444444
76791,3.0,3.5555556,3.5555556,3.0,3.4444444
21348,3.625,4.5555553,3.6666667,2.5,4.8888888
23287,2.875,3.5555556,3.6666667,3.0,3.2222223
14763,3.0,3.5555556,3.5555556,3.0,3.4444444
22066,3.875,3.4444444,2.8888888,2.625,2.5555556
64058,3.0,3.5555556,3.5555556,3.0,3.4444444
28247,2.25,3.7777777,3.2222223,3.75,3.7777777
72873,2.75,4.0,4.0,2.25,3.0
67544,3.0,3.5555556,3.5555556,3.0,3.4444444
76810,3.0,3.5555556,3.5555556,3.0,3.4444444
51760,3.0,3.5555556,3.5555556,3.0,3.4444444
72806,4.75,3.5555556,3.3333333,2.625,3.4444444
98766,3.75,3.8888888,4.6666665,2.75,2.3333333
23042,3.0,3.5555556,3.5555556,3.0,3.4444444
60997,3.0,3.5555556,3.5555556,3.0,3.4444444
36038,3.25,3.5555556,3.6666667,3.0,3.7777777
39146,2.25,3.5555556,3.2222223,3.0,3.4444444
60963,1.875,4.0,3.7777777,3.625,3.3333333
67918,2.375,3.5555556,3.5555556,2.25,3.4444444
34467,2.625,3.8888888,3.8888888,3.0,3.3333333
42132,3.0,3.5555556,3.5555556,3.0,3.4444444
41268,3.0,3.5555556,3.5555556,3.0,3.4444444
90692,3.0,3.5555556,3.5555556,3.0,3.4444444
32668,4.125,2.6666667,3.2222223,3.5,3.4444444
24079,3.0,3.5555556,3.5555556,3.0,3.4444444
59673,2.875,4.1111112,3.5555556,1.875,4.3333335
74899,3.25,3.5555556,3.1111112,3.5,2.7777777
48891,3.0,3.5555556,3.5555556,3.0,3.4444444
81807,4.0,4.4444447,3.8888888,1.5,4.4444447
77187,2.125,4.0,2.8888888,3.75,3.5555556
91176,2.25,4.1111112,3.1111112,2.625,3.7777777
22292,3.0,3.5555556,3.5555556,3.0,3.4444444
35011,4.5,3.6666667,4.2222223,2.875,3.5555556
76785,3.0,3.5555556,3.5555556,3.0,3.4444444
60903,3.0,3.5555556,3.5555556,3.0,3.4444444
10115,3.0,3.5555556,3.5555556,3.0,3.4444444
35416,1.625,3.2222223,2.7777777,4.25,3.2222223
89710,4.0,3.3333333,4.2222223,2.625,3.6666667
97596,2.875,3.8888888,4.0,3.25,3.1111112
39129,3.0,3.5555556,3.5555556,3.0,3.4444444
57359,3.25,2.8888888,3.6666667,3.0,2.7777777
17308,3.0,4.0,3.7777777,2.625,3.2222223
51851,4.375,3.8888888,4.2222223,2.25,3.7777777
35855,4.4000001,4.0,3.5999999,1.4,3.6666667
67334,2.375,3.3333333,3.4444444,3.875,3.8888888
60230,2.125,2.3333333,3.6666667,4.875,3.4444444
77838,4.5,4.0,4.1111112,2.125,2.5555556
37371,3.0,3.5555556,3.5555556,3.0,3.4444444
57292,2.875,4.2222223,3.6666667,2.25,3.7777777
66406,3.0,3.5555556,3.5555556,3.0,3.4444444
90447,3.0,3.5555556,3.5555556,3.0,3.4444444
56798,4.25,4.2222223,4.1111112,2.25,4.1111112
28827,3.0,3.5555556,3.5555556,3.0,3.4444444
23115,3.5,4.0,3.8888888,1.875,3.4444444
77872,3.125,4.0,4.0,3.0,3.6666667
43114,3.75,3.6666667,3.3333333,2.0,3.2222223
72348,2.25,4.0,4.2222223,2.75,4.0
15707,3.0,3.5555556,3.5555556,3.0,3.4444444
45776,3.0,3.5555556,3.5555556,3.0,3.4444444
63122,3.5,3.1111112,4.0,1.25,3.1111112
27169,3.0,3.5555556,3.5555556,3.0,3.4444444
89607,4.0,1.8888888,4.5555553,3.5,4.1111112
59900,3.25,3.8888888,3.7777777,2.75,3.4444444
28254,2.625,4.0,3.8888888,2.25,3.2222223
56480,3.625,3.8888888,2.8888888,3.5,3.6666667
11128,3.75,4.1111112,3.4444444,2.875,4.6666665
47886,3.0,3.5555556,3.8888888,2.625,4.1111112
28820,3.0,3.5555556,3.5555556,3.0,3.4444444
35347,3.0,2.4444444,3.5555556,2.5,3.1111112
45641,2.75,4.0,3.0,2.875,3.0
25369,3.0,3.5555556,3.5555556,3.0,3.4444444
64572,3.75,4.0,3.6666667,2.75,3.6666667
31538,4.125,4.4444447,4.1111112,2.375,4.0
73452,3.0,3.5555556,3.5555556,3.0,3.4444444
51475,2.375,3.5555556,3.8888888,3.25,3.3333333
28312,2.5,4.2222223,3.6666667,2.75,3.2222223
13486,3.0,3.5555556,3.5555556,3.0,3.4444444
56805,4.0,4.2222223,3.4444444,1.875,4.0
57697,3.875,3.5555556,4.0,3.5,3.7777777
54837,3.0,3.5555556,3.5555556,3.0,3.4444444
29718,3.0,3.5555556,3.5555556,3.0,3.4444444
26800,2.5,4.6666665,4.2222223,2.0,2.5555556
60493,3.0,3.5555556,3.5555556,3.0,3.4444444
52051,3.625,3.1111112,4.5555553,2.5,3.0
30972,3.0,3.5555556,3.5555556,3.0,3.4444444
47142,3.25,3.4444444,3.6666667,3.0,3.6666667
69217,3.0,3.5555556,3.5555556,3.0,3.4444444
69009,3.875,4.2222223,2.8888888,2.625,3.2222223
84390,4.75,4.1111112,3.1111112,3.0,3.7777777
74845,3.0,3.5555556,3.5555556,3.0,3.4444444
90905,2.0,4.0,2.5555556,3.0,4.3333335
39659,4.5,4.2222223,3.5555556,2.625,3.2222223
62072,3.0,3.5555556,3.5555556,3.0,3.4444444
60396,2.75,3.6666667,4.4444447,3.375,3.0
61084,4.5,4.8888888,4.2222223,2.75,3.7777777
92412,2.125,3.6666667,4.1111112,1.875,3.1111112
92038,3.5,3.3333333,4.5555553,2.375,4.0
33388,2.125,2.6666667,2.4444444,2.75,3.4444444
31717,4.125,3.4444444,3.0,3.625,3.0
18324,3.0,3.5555556,3.5555556,3.0,3.4444444
86440,1.625,3.3333333,3.6666667,2.625,3.0
95585,2.25,3.8888888,3.6666667,3.375,3.4444444
29792,3.375,3.1111112,2.6666667,2.75,4.4444447
14737,2.375,3.8888888,2.8888888,3.375,4.0
28223,3.0,3.5555556,3.5555556,3.0,3.4444444
85708,3.0,3.5555556,3.5555556,3.0,3.4444444
55452,2.875,2.8888888,3.0,4.0,3.4444444
20179,4.0,3.5555556,3.5555556,2.125,3.7777777
78339,3.0,3.5555556,3.5555556,3.0,3.4444444
23696,4.375,4.1111112,3.0,3.375,4.6666665
28653,3.25,4.7777777,4.8888888,3.375,3.4444444
84715,1.375,2.7777777,3.2222223,4.375,3.6666667
95559,2.875,3.6666667,3.3333333,2.0,2.7777777
30152,2.75,3.1111112,3.1111112,3.625,3.8888888
68764,2.75,3.7777777,4.0,2.875,3.5555556
60367,3.0,3.5555556,3.5555556,3.0,3.4444444
36939,3.0,3.5555556,3.5555556,3.0,3.4444444
59592,3.0,3.6666667,2.8888888,3.75,3.3333333
22897,3.0,3.5555556,3.5555556,3.0,3.4444444
89652,3.0,4.5555553,3.8888888,2.125,3.4444444
28724,2.625,4.1111112,4.0,3.875,3.4444444
92895,3.0,3.5555556,3.5555556,3.0,3.4444444
69831,2.875,3.7777777,3.0,2.75,3.7777777
59178,4.0,4.1111112,4.7777777,3.375,3.2222223
50072,3.0,3.5555556,3.5555556,3.0,3.4444444
44927,2.625,3.8888888,3.6666667,3.0,3.0
71894,1.5,2.4444444,2.4444444,4.0,3.6666667
76790,3.0,3.5555556,3.5555556,3.0,3.4444444
78428,3.0,3.5555556,3.5555556,3.0,3.4444444
66676,3.0,3.5555556,3.5555556,3.0,3.4444444
95930,3.0,3.5555556,3.5555556,3.0,3.4444444
70962,3.0,3.5555556,3.5555556,3.0,3.4444444
12738,3.0,3.5555556,3.5555556,3.0,3.4444444
29647,3.0,3.5555556,3.5555556,3.0,3.4444444
27111,3.0,3.5555556,3.5555556,3.0,3.4444444
30453,2.875,3.7777777,3.7777777,2.875,3.0
58219,3.0,3.5555556,3.5555556,3.0,3.4444444
28377,3.0,3.5555556,3.5555556,3.0,3.4444444
80177,3.5,4.6666665,3.6666667,1.75,4.5555553
18677,3.0,3.5555556,3.5555556,3.0,3.4444444
66047,2.75,3.0,3.2222223,4.0,2.5555556
58682,3.0,3.5555556,3.5555556,3.0,3.4444444
81199,3.0,3.5555556,3.5555556,3.0,3.4444444
85679,3.0,3.5555556,3.5555556,3.0,3.4444444
79834,3.25,4.3333335,4.2222223,2.375,3.6666667
93471,3.0,3.5555556,3.5555556,3.0,3.4444444
19538,2.875,3.7777777,4.0,3.125,2.8888888
14595,3.0,3.5555556,3.5555556,3.0,3.4444444
38052,3.0,3.5555556,3.5555556,3.0,3.4444444
33133,3.75,4.1111112,3.8888888,2.75,4.5555553
40021,3.0,3.5555556,3.5555556,3.0,3.4444444
27141,3.875,4.1111112,3.0,2.875,2.7777777
93858,3.5,3.6666667,3.5555556,2.25,2.6666667
47810,3.625,4.2222223,3.8888888,2.25,3.2222223
58196,3.75,3.8888888,4.4444447,2.875,4.0
42773,2.375,2.6666667,2.3333333,3.75,2.5555556
72152,3.0,3.5555556,3.5555556,3.0,3.4444444
76663,3.0,3.5555556,3.5555556,3.0,3.4444444
48224,3.0,3.0,3.2222223,4.5,4.3333335
30137,3.0,3.5555556,3.5555556,3.0,3.4444444
68318,3.0,3.5555556,3.5555556,3.0,3.4444444
62246,2.625,4.0,3.8888888,2.25,2.5555556
69496,3.0,3.5555556,3.5555556,3.0,3.4444444
61028,3.0,3.5555556,3.5555556,3.0,3.4444444
55424,2.125,3.5555556,3.4444444,3.375,2.4444444
17581,3.0,3.5555556,3.5555556,3.0,3.4444444
23576,3.0,3.8888888,4.2222223,2.0,2.6666667
57842,3.0,3.5555556,3.5555556,3.0,3.4444444
17522,3.0,3.5555556,3.5555556,3.0,3.4444444
55685,3.0,3.5555556,3.5555556,3.0,3.4444444
74079,3.0,3.5555556,3.5555556,3.0,3.4444444
97833,3.0,3.5555556,3.0,2.125,3.2222223
11992,3.0,3.5555556,3.5555556,3.0,3.4444444
93485,4.0,4.6666665,4.3333335,1.25,3.2222223
34402,3.125,2.6666667,3.3333333,3.625,2.7777777
62617,4.375,4.6666665,4.0,2.125,3.4444444
42137,2.75,4.0,3.5555556,2.25,4.1111112
37305,4.875,3.5555556,2.8888888,2.625,3.7777777
48013,2.125,3.0,2.7777777,3.75,3.4444444
44447,3.0,3.5555556,3.5555556,3.0,3.4444444
14571,2.75,1.6666666,3.3333333,2.375,2.3333333
69057,2.0,3.4444444,2.7777777,3.75,3.0
49125,3.0,3.5555556,3.5555556,3.0,3.4444444
66629,3.0,4.1428571,3.8333333,2.5999999,4.3333335
83542,3.375,3.4444444,3.7777777,3.125,3.6666667
18222,3.0,3.5555556,3.5555556,3.0,3.4444444
39738,3.5,4.1111112,4.1111112,3.25,3.7777777
26858,4.125,3.1111112,3.0,4.625,3.2222223
70552,3.0,3.5555556,3.5555556,3.0,3.4444444
38826,3.0,3.5555556,3.5555556,3.0,3.4444444
93504,3.0,3.5555556,3.5555556,3.0,3.4444444
64232,3.875,4.4444447,4.2222223,3.75,2.6666667
37404,2.125,3.4444444,3.5555556,3.25,3.0
25961,3.0,3.5555556,3.5555556,3.0,3.4444444
87330,3.0,3.5555556,3.5555556,3.0,3.4444444
92028,3.125,2.4444444,2.8888888,4.5,3.6666667
82248,3.0,3.5555556,3.5555556,3.0,3.4444444
28824,3.0,3.5555556,3.5555556,3.0,3.4444444
11482,2.375,3.2222223,3.3333333,3.75,3.1111112
69936,2.25,3.2222223,2.4444444,2.875,2.8888888
91320,3.0,3.5555556,3.5555556,3.0,3.4444444
37001,3.0,3.5555556,3.5555556,3.0,3.4444444
70492,4.625,4.6666665,3.5555556,2.375,3.6666667
95543,2.875,4.3333335,3.3333333,2.0,4.0
21380,3.0,3.5555556,3.5555556,3.0,3.4444444
67106,2.125,4.3333335,4.6666665,2.125,3.6666667
25495,2.0,3.4444444,4.0,2.875,2.7777777
26581,3.875,3.7777777,3.6666667,2.375,4.1111112
66642,2.375,4.4444447,3.4444444,2.375,4.5555553
83612,2.625,3.5555556,3.3333333,4.125,3.0
63954,3.0,3.5555556,3.5555556,3.0,3.4444444
20665,3.375,4.0,3.4444444,2.0,3.6666667
19122,2.5,3.0,2.8888888,3.125,4.0
99978,4.625,4.0,3.4444444,1.5,3.8888888
92566,4.875,4.7777777,4.5555553,1.5,4.8888888
39414,1.75,3.2222223,4.1111112,3.5,3.1111112
35987,2.875,3.1111112,3.3333333,3.0,3.0
66655,3.125,3.7777777,4.1111112,3.25,3.4444444
10547,3.125,3.1111112,3.1111112,2.875,3.0
46373,3.625,3.7777777,3.7777777,2.25,2.8888888
79341,3.25,3.3333333,3.4444444,2.625,3.3333333
19591,3.0,3.5555556,3.5555556,3.0,3.4444444
83536,3.75,4.1111112,4.1111112,1.875,3.7777777
66682,4.0,4.1111112,3.5555556,1.5,3.8888888
88337,3.875,3.6666667,3.2222223,2.0,2.6666667
67608,2.25,4.4444447,3.8888888,1.875,3.6666667
19735,3.125,4.3333335,3.6666667,2.75,4.3333335
42513,3.0,3.5555556,3.5555556,3.0,3.4444444
64595,3.0,3.5555556,3.5555556,3.0,3.4444444
85134,3.0,3.5555556,3.5555556,3.0,3.4444444
51952,3.0,3.5555556,3.5555556,3.0,3.4444444
28837,3.0,3.5555556,3.5555556,3.0,3.4444444
46266,2.0,3.5555556,3.0,3.625,3.7777777
61289,3.0,3.5555556,3.5555556,3.0,3.4444444
18743,2.375,3.6666667,3.4444444,2.75,3.3333333
13647,3.0,3.5555556,3.5555556,3.0,3.4444444
59207,3.0,3.5555556,4.0,2.125,4.1111112
48946,3.375,4.4444447,3.4444444,2.875,4.2222223
86083,3.0,3.5555556,3.5555556,3.0,3.4444444
96613,3.375,4.1111112,3.8888888,2.25,3.1111112
49014,3.0,3.5555556,3.5555556,3.0,3.4444444
50766,1.875,3.1111112,3.7777777,2.25,2.8888888
71089,2.125,4.2222223,3.8888888,3.75,4.1111112
80980,3.75,3.8888888,4.0,2.5,3.0
29115,3.0,3.5555556,3.5555556,3.0,3.4444444
98462,3.625,4.4444447,4.4444447,2.875,3.0
94455,3.0,3.5555556,3.5555556,3.0,3.4444444
11148,3.0,4.1111112,3.8888888,2.5,3.6666667
88384,4.125,3.1111112,2.1111112,4.25,3.1111112
60904,3.0,3.5555556,3.5555556,3.0,3.4444444
64302,2.25,2.0,4.2222223,4.125,4.3333335
51882,3.0,3.5555556,3.5555556,3.0,3.4444444
54200,3.0,3.5555556,3.5555556,3.0,3.4444444
22688,2.75,4.0,4.5555553,1.75,3.8888888
38815,2.625,3.2222223,3.4444444,2.75,3.1111112
34525,3.5,3.3333333,3.4444444,3.375,4.1111112
68404,3.0,3.5555556,3.5555556,3.0,3.4444444
71836,4.625,4.3333335,4.4444447,2.375,4.5555553
12748,3.0,3.5555556,3.5555556,3.0,3.4444444
33445,3.0,3.5555556,3.5555556,3.0,3.4444444
83078,3.0,3.8888888,2.3333333,4.125,3.5555556
72160,3.0,3.5555556,3.5555556,3.0,3.4444444
55569,3.0,3.5555556,3.5555556,3.0,3.4444444
72885,2.625,3.0,3.2222223,3.25,3.4444444
47006,3.625,3.1111112,2.8888888,3.375,4.0
36574,3.875,3.5555556,3.3333333,2.625,3.1111112
71193,1.75,2.3333333,3.2222223,3.875,3.0
44070,3.0,3.5555556,3.5555556,3.0,3.4444444
49010,3.75,3.8888888,4.0,2.5,3.8888888
98760,2.25,3.5555556,3.6666667,2.75,3.7777777
95374,4.0,4.1111112,2.6666667,3.0,3.4444444
71985,3.375,4.2222223,3.8888888,3.0,2.6666667
43125,2.625,3.8888888,3.5555556,3.875,3.0
98117,1.75,2.6666667,3.0,2.625,2.7777777
22989,3.0,3.5555556,3.5555556,3.0,3.4444444
24883,2.25,3.3333333,3.8888888,2.5,3.4444444
65068,3.0,3.5555556,3.5555556,3.0,3.4444444
20650,3.0,3.5555556,3.5555556,3.0,3.4444444
19460,3.0,3.5555556,3.5555556,3.0,3.4444444
66815,3.625,3.6666667,3.7777777,3.375,3.4444444
89161,3.875,3.7777777,4.0,3.0,3.1111112
54956,3.0,3.5555556,3.5555556,3.0,3.4444444
14847,2.375,3.0,3.6666667,3.5,3.7777777
85453,3.0,3.5555556,3.5555556,3.0,3.4444444
19827,3.0,3.5555556,3.5555556,3.0,3.4444444
31121,3.0,3.5555556,3.5555556,3.0,3.4444444
38683,2.25,2.6666667,3.5555556,3.625,2.0
82918,3.0,3.5555556,3.5555556,3.0,3.4444444
43382,2.75,4.3333335,4.1111112,1.375,4.1111112
44344,3.0,3.5555556,3.5555556,3.0,3.4444444
94215,3.0,3.5555556,3.5555556,3.0,3.4444444
80675,2.25,3.8888888,4.0,3.5,3.5555556
57144,3.0,3.5555556,3.5555556,3.0,3.4444444
94662,3.0,3.5555556,3.5555556,3.0,3.4444444
98700,3.5,4.0,4.7777777,3.25,3.0
44675,2.125,3.5555556,3.3333333,3.375,2.3333333
33341,2.75,3.5555556,3.8888888,3.75,3.8888888
37396,3.0,3.5555556,3.5555556,3.0,3.4444444
65072,3.375,3.5555556,2.8888888,2.5,2.7777777
37148,4.625,3.6666667,3.2222223,2.25,3.5555556
11910,3.125,3.8888888,3.5555556,2.75,3.1111112
75438,3.125,3.6666667,3.1111112,3.5,2.5555556
99733,3.375,3.5555556,3.5555556,2.75,3.6666667
27407,3.0,3.4444444,3.3333333,3.375,3.2222223
14250,2.875,3.8888888,3.4444444,3.0,2.2222223
43794,3.25,3.2222223,2.8888888,3.375,3.0
73918,3.0,3.5555556,3.5555556,3.0,3.4444444
60216,2.25,3.7777777,4.1111112,2.875,2.4444444
28681,3.0,3.5555556,3.5555556,3.0,3.4444444
51437,3.25,3.5555556,3.0,2.625,3.2222223
21932,3.125,3.1111112,4.5555553,1.75,2.7777777
29733,4.0,4.1111112,3.3333333,3.25,4.2222223
98206,3.0,3.5555556,3.5555556,3.0,3.4444444
36385,2.875,4.2222223,3.7777777,3.25,3.4444444
26651,3.0,3.5555556,3.5555556,3.0,3.4444444
54030,3.875,4.4444447,3.0,2.875,4.6666665
67993,3.375,4.4444447,3.5555556,3.625,3.8888888
96543,4.625,3.7777777,4.0,2.875,3.8888888
49800,3.0,3.5555556,3.5555556,3.0,3.4444444
29296,3.0,3.5555556,3.5555556,3.0,3.4444444
11002,3.625,4.6666665,4.3333335,1.375,3.5555556
72850,3.0,3.5555556,3.5555556,3.0,3.4444444
15134,4.125,3.4444444,4.1111112,2.375,2.8888888
69124,3.0,3.5555556,3.5555556,3.0,3.4444444
42531,3.0,3.5555556,3.5555556,3.0,3.4444444
34062,3.125,3.7777777,4.8888888,3.375,3.8888888
18111,3.5,3.5555556,3.5555556,3.125,2.3333333
42646,3.0,3.5555556,3.5555556,3.0,3.4444444
63922,4.625,4.6666665,4.2222223,1.875,3.5555556
59097,4.0,3.4444444,3.7777777,3.625,3.1111112
72912,5.0,3.5555556,4.2222223,2.375,3.4444444
91484,3.375,3.5555556,2.7777777,3.375,2.8888888
24833,3.0,3.7777777,3.0,2.25,3.1111112
21971,3.0,3.5555556,3.5555556,3.0,3.4444444
58654,3.0,3.5555556,3.5555556,3.0,3.4444444
13928,3.0,3.5555556,3.5555556,3.0,3.4444444
84502,3.0,3.5555556,3.5555556,3.0,3.4444444
64090,3.0,3.5555556,3.5555556,3.0,3.4444444
52123,3.0,3.5555556,3.5555556,3.0,3.4444444
78783,3.5,4.5555553,3.4444444,2.125,3.6666667
25197,2.0,4.4444447,4.4444447,3.5,2.8888888
35872,4.125,4.2222223,4.6666665,1.75,4.6666665
93462,3.0,3.5555556,3.5555556,3.0,3.4444444
23270,2.375,3.5555556,4.5555553,3.0,2.7777777
69807,3.0,3.5555556,3.5555556,3.0,3.4444444
92716,3.875,3.7777777,4.4444447,2.5,3.6666667
66061,3.0,3.5555556,3.5555556,3.0,3.4444444
56058,1.125,3.4444444,3.0,4.625,2.4444444
57854,3.0,3.5555556,3.5555556,3.0,3.4444444
68679,3.625,3.6666667,3.1111112,1.75,3.7777777
90750,3.0,3.5555556,3.5555556,3.0,3.4444444
70125,3.625,4.1111112,4.1111112,3.0,4.2222223
67192,3.5,3.0,4.0,2.625,4.3333335
12029,3.0,3.5555556,3.5555556,3.0,3.4444444
70745,3.0,3.5555556,3.5555556,3.0,3.4444444
43255,3.0,3.5555556,3.5555556,3.0,3.4444444
93856,3.0,3.5555556,3.5555556,3.0,3.4444444
10237,3.0,3.8888888,3.0,3.0,3.4444444
97448,4.875,4.4444447,3.5555556,1.625,4.5555553
43603,3.0,3.5555556,3.5555556,3.0,3.4444444
86974,3.0,3.5555556,3.5555556,3.0,3.4444444
89165,3.0,3.5555556,3.5555556,3.0,3.4444444
97280,3.375,3.4444444,3.6666667,3.375,3.3333333
54098,3.0,3.5555556,3.5555556,3.0,3.4444444
66156,3.0,3.5555556,3.5555556,3.0,3.4444444
67177,3.0,3.6666667,3.4444444,3.5,3.6666667
22540,3.0,3.5555556,3.5555556,3.0,3.4444444
70668,3.0,3.5555556,3.5555556,3.0,3.4444444
15586,3.0,3.5555556,3.5555556,3.0,3.4444444
27232,3.0,3.5555556,3.5555556,3.0,3.4444444
18611,3.75,3.2222223,3.4444444,3.625,4.4444447
87328,4.25,3.8888888,4.2222223,1.75,3.7777777
88963,3.0,3.5555556,3.5555556,3.0,3.4444444
61756,3.0,3.5555556,3.5555556,3.0,3.4444444
57045,3.0,3.5555556,3.5555556,3.0,3.4444444
49497,2.0,3.8888888,4.1111112,3.125,4.2222223
15031,4.125,3.8888888,4.4444447,2.875,3.5555556
79607,3.375,4.2222223,3.4444444,3.25,4.4444447
41952,3.0,3.5555556,3.5555556,3.0,3.4444444
17183,3.0,3.5555556,3.5555556,3.0,3.4444444
22408,3.5,4.0,4.2222223,3.5,3.3333333
54435,3.0,3.5555556,3.5555556,3.0,3.4444444
38554,3.0,3.5555556,3.5555556,3.0,3.4444444
38293,4.5,4.2222223,3.5555556,3.125,2.5555556
33785,4.0,3.6666667,3.5555556,2.375,4.0
44310,3.0,3.5555556,3.5555556,3.0,3.4444444
33009,3.0,3.7777777,4.3333335,3.625,3.5555556
31294,3.5,4.3333335,4.6666665,2.375,3.8888888
65143,3.0,3.5555556,3.5555556,3.0,3.4444444
91726,2.625,3.6666667,4.2222223,3.0,4.0
59355,3.25,2.5555556,3.2222223,3.75,3.4444444
96184,2.0,3.5555556,4.3333335,3.75,4.2222223
92339,3.0,3.5555556,3.5555556,3.0,3.4444444
70005,3.0,3.5555556,3.5555556,3.0,3.4444444
64157,3.0,3.5555556,3.5555556,3.0,3.4444444
68050,3.0,3.5555556,3.5555556,3.0,3.4444444
46151,4.125,3.6666667,4.0,3.375,2.7777777
79395,3.0,4.1111112,4.5555553,2.625,3.3333333
59863,3.375,3.5555556,4.3333335,1.75,3.8888888
63419,4.375,4.8888888,3.8888888,2.375,2.6666667
22913,3.625,3.4444444,4.0,1.5,3.4444444
91313,3.0,3.5555556,3.5555556,3.0,3.4444444
14511,3.0,3.5555556,3.5555556,3.0,3.4444444
73962,3.0,3.5555556,3.5555556,3.0,3.4444444
48969,2.5,3.3333333,3.5555556,4.125,2.8888888
22093,3.5,3.5555556,2.6666667,3.125,3.5555556
32919,2.75,3.0,3.3333333,3.25,3.1111112
10153,3.0,3.5555556,3.5555556,3.0,3.4444444
79731,3.375,4.0,2.6666667,4.25,3.8888888
63611,3.0,3.5555556,3.5555556,3.0,3.4444444
64296,3.25,3.7777777,3.6666667,2.125,2.8888888
23487,3.0,3.5555556,3.5555556,3.0,3.4444444
17569,3.875,3.3333333,4.1111112,2.0,4.0
77036,2.125,3.1111112,4.1111112,3.0,2.5555556
53518,3.0,3.5555556,3.5555556,3.0,3.4444444
92340,3.0,3.5555556,3.5555556,3.0,3.4444444
37485,3.0,3.5555556,3.5555556,3.0,3.4444444
33953,3.0,3.5555556,3.5555556,3.0,3.4444444
53333,3.0,3.5555556,3.5555556,3.0,3.4444444
82986,4.625,3.8888888,3.7777777,1.75,2.8888888
61772,4.0,3.0,3.4444444,2.25,3.4444444
47280,3.875,4.0,3.7777777,2.0,3.3333333
70566,3.25,2.7777777,4.5555553,3.625,3.5555556
82964,3.5,3.5555556,3.5555556,3.875,3.8888888
11402,2.625,3.1111112,3.7777777,2.875,4.0
38610,4.375,4.0,4.4444447,3.25,3.7777777
96610,3.0,3.7777777,4.1111112,2.5,3.7777777
77711,2.5,3.1111112,3.5555556,3.0,2.4444444
48505,3.0,3.5555556,3.5555556,3.0,3.4444444
78667,3.0,3.5555556,3.5555556,3.0,3.4444444
17020,2.375,3.5555556,3.4444444,2.625,2.4444444
48676,3.0,3.5555556,3.5555556,3.0,3.4444444
29885,2.375,4.2222223,3.2222223,3.75,3.5555556
32976,3.0,3.5555556,3.5555556,3.0,3.4444444
79167,5.0,4.8888888,4.5555553,1.5,4.5555553
65061,3.0,3.7777777,3.3333333,3.5,2.8888888
43710,3.0,3.5555556,3.5555556,3.0,3.4444444
61389,3.0,3.5555556,3.5555556,3.0,3.4444444
22455,1.625,4.8888888,5.0,2.75,2.8888888
82819,3.5,2.8888888,4.2222223,1.125,3.1111112
67771,3.875,3.5555556,3.4444444,2.0,3.1111112
57443,3.25,4.1111112,3.2222223,3.5,3.5555556
96469,3.0,3.5555556,3.5555556,3.0,3.4444444
94579,2.625,3.4444444,3.5555556,3.0,3.3333333
29257,3.125,3.2222223,4.2222223,2.125,3.7777777
23518,3.25,4.1111112,3.6666667,3.125,3.5555556
80484,3.625,3.8888888,3.1111112,2.75,4.4444447
49539,2.625,4.1111112,2.5555556,1.75,3.7777777
63904,2.25,3.8888888,4.0,3.875,2.6666667
82490,3.25,3.7777777,3.3333333,3.125,3.0
20335,4.375,2.8888888,3.0,1.875,4.0
35031,4.5,3.1111112,4.4444447,2.0,3.2222223
88185,3.625,3.6666667,4.4444447,1.75,3.1111112
35344,3.25,4.3333335,3.8888888,2.5,3.6666667
31175,3.625,3.5555556,3.8888888,3.125,3.3333333
41167,3.5,2.7777777,3.6666667,2.25,3.8888888
98325,4.375,4.3333335,4.0,3.25,4.1111112
36963,3.125,3.1111112,3.1111112,3.375,4.3333335
50666,3.0,3.5555556,3.5555556,3.0,3.4444444
98624,2.75,3.0,3.5555556,3.375,3.4444444
42617,3.0,3.5555556,3.5555556,3.0,3.4444444
58793,2.75,3.7777777,4.0,3.0,3.0
25125,3.0,3.5555556,3.5555556,3.0,3.4444444
25548,4.375,3.8888888,3.5555556,2.5,3.3333333
25966,3.0,3.8888888,3.2222223,3.5,4.1111112
95444,3.0,3.5555556,3.5555556,3.0,3.4444444
96689,4.125,4.2222223,3.5555556,3.25,2.8888888
22587,3.0,3.5555556,2.0,2.75,3.0
43581,3.0,3.5555556,3.5555556,3.0,3.4444444
75578,5.0,3.6666667,4.3333335,2.3333333,5.0
43507,3.0,3.5555556,3.5555556,3.0,3.4444444
91551,4.5,4.0,3.8888888,1.5,4.3333335
30676,3.0,3.5555556,3.5555556,3.0,3.4444444
19030,4.25,3.3333333,3.0,2.625,3.8888888
33657,2.625,4.0,2.8888888,3.75,3.4444444
76521,3.0,3.5555556,3.5555556,3.0,3.4444444
52848,3.75,4.5555553,4.2222223,2.125,4.0
40231,3.0,3.5555556,3.5555556,3.0,3.4444444
65656,3.625,4.5555553,3.5555556,2.5,4.0
30610,3.0,3.5555556,3.5555556,3.0,3.4444444
36117,3.75,3.6666667,4.1111112,2.375,3.7777777
82587,3.0,3.5555556,3.5555556,3.0,3.4444444
14690,3.0,3.5555556,3.5555556,3.0,3.4444444
40569,3.0,3.5555556,3.5555556,3.0,3.4444444
97021,3.0,3.5555556,3.5555556,3.0,3.4444444
26320,3.875,3.8888888,4.2222223,3.25,4.0
77532,3.0,3.5555556,3.5555556,3.0,3.4444444
92515,2.875,4.3333335,4.0,2.375,3.2222223
97844,3.0,3.5555556,3.5555556,3.0,3.4444444
81647,3.0,3.5555556,3.5555556,3.0,3.4444444
33127,3.0,3.5555556,3.5555556,3.0,3.4444444
45958,3.0,4.0,4.3333335,2.5,4.3333335
49790,4.625,4.5555553,4.3333335,1.875,4.3333335
74251,3.0,3.5555556,3.5555556,3.0,3.4444444
28326,3.5,2.5555556,4.1111112,2.875,4.1111112
20507,4.125,4.3333335,4.7777777,3.375,4.1111112
71592,2.0,4.1111112,3.6666667,3.25,3.2222223
15181,3.0,3.5555556,3.5555556,3.0,3.4444444
70209,2.5,3.1111112,3.3333333,3.0,4.3333335
78657,2.875,3.7777777,3.0,3.375,3.4444444
21887,3.5,3.4444444,3.5555556,1.75,3.0
48154,3.75,4.5555553,4.4444447,2.0,3.0
92953,3.0,3.5555556,3.5555556,3.0,3.4444444
90192,4.25,2.8888888,3.5555556,2.875,4.0
51495,3.0,3.5555556,3.5555556,3.0,3.4444444
34344,3.125,4.8888888,2.8888888,3.75,4.4444447
21793,2.875,3.3333333,3.8888888,2.375,3.2222223
37218,3.0,3.5555556,3.5555556,3.0,3.4444444
17932,3.5,3.7777777,3.4444444,2.125,3.7777777
95026,3.0,3.5555556,3.5555556,3.0,3.4444444
66800,3.0,3.5555556,3.5555556,3.0,3.4444444
73693,3.0,3.5555556,3.5555556,3.0,3.4444444
80429,3.0,3.5555556,3.5555556,3.0,3.4444444
75149,4.875,3.7777777,3.6666667,2.25,3.7777777
61659,3.0,3.5555556,3.5555556,3.0,3.4444444
81420,4.125,3.2222223,4.3333335,3.0,3.5555556
33740,3.5,4.5555553,3.2222223,3.625,3.5555556
37979,3.0,3.5555556,3.5555556,3.0,3.4444444
87192,3.0,3.5555556,3.5555556,3.0,3.4444444
67709,3.125,4.2222223,3.5555556,2.5,4.1111112
36552,3.625,4.0,3.8888888,2.875,3.8888888
14301,3.0,3.5555556,3.5555556,3.0,3.4444444
36384,3.0,3.5555556,3.5555556,3.0,3.4444444
63138,4.5,4.7777777,4.2222223,1.875,3.2222223
51298,3.0,3.5555556,3.5555556,3.0,3.4444444
74632,3.0,3.5555556,3.5555556,3.0,3.4444444
16654,4.125,3.5555556,3.3333333,3.0,2.7777777
54394,4.25,4.1111112,3.5555556,3.125,3.6666667
84768,3.0,3.5555556,3.5555556,3.0,3.4444444
29134,3.0,3.7777777,3.5555556,2.25,3.2222223
24029,2.25,3.3333333,2.7777777,3.0,3.7777777
35361,3.25,2.4444444,3.8888888,3.5,3.8888888
87056,3.0,3.5555556,3.5555556,3.0,3.4444444
49086,3.375,4.0,2.6666667,2.375,3.1111112
67917,3.0,3.5555556,3.5555556,3.0,3.4444444
85503,3.25,3.0,3.5555556,4.5,4.0
60008,2.125,4.0,4.2222223,3.0,3.5555556
66542,3.0,3.5555556,3.5555556,3.0,3.4444444
55881,3.0,3.8888888,4.0,2.0,4.5555553
86265,3.0,3.5555556,3.5555556,3.0,3.4444444
10732,3.0,3.5555556,3.5555556,3.0,3.4444444
22119,3.0,3.5555556,3.5555556,3.0,3.4444444
50797,3.0,3.5555556,3.5555556,3.0,3.4444444
39564,3.0,3.5555556,3.5555556,3.0,3.4444444
39285,3.0,3.5555556,3.5555556,3.0,3.4444444
22460,4.25,3.0,2.7777777,2.75,3.8888888
25172,3.0,3.5555556,3.5555556,3.0,3.4444444
77134,3.625,3.3333333,4.0,2.375,4.3333335
22143,3.0,4.3333335,4.3333335,2.125,4.0
93766,2.0,2.5555556,3.3333333,3.625,3.4444444
45097,2.75,4.0,4.4444447,4.125,4.3333335
26289,3.0,3.5555556,3.5555556,3.0,3.4444444
95490,4.375,3.5555556,2.8888888,2.0,2.8888888
66979,3.375,3.4444444,1.6666666,4.25,4.2222223
23253,3.0,3.5555556,3.5555556,3.0,3.4444444
12900,3.0,3.5555556,3.5555556,3.0,3.4444444
90079,3.0,3.1111112,3.0,3.75,3.7777777
47584,3.0,3.5555556,3.5555556,3.0,3.4444444
97990,3.0,4.0,2.8888888,2.25,3.5555556
39248,3.0,3.5555556,3.5555556,3.0,3.4444444
29354,3.0,3.5555556,3.5555556,3.0,3.4444444
25743,3.0,3.5555556,3.5555556,3.0,3.4444444
91429,3.125,3.5555556,4.2222223,3.75,3.6666667
82269,3.875,3.3333333,3.8888888,2.375,2.5555556
22842,2.625,3.6666667,3.0,3.625,3.6666667
31311,3.0,3.3333333,2.7777777,3.625,3.3333333
32423,3.0,3.5555556,3.5555556,3.0,3.4444444
33084,3.0,3.8888888,3.5555556,2.75,3.6666667
14279,2.75,2.4444444,4.5555553,2.0,2.2222223
91932,2.625,3.7777777,4.2222223,2.5,3.4444444
32404,3.375,3.5555556,3.5555556,2.875,3.1111112
73577,2.625,3.7777777,4.1111112,3.75,3.6666667
70561,3.0,3.5555556,3.5555556,3.0,3.4444444
43177,3.0,3.5555556,3.5555556,3.0,3.4444444
36501,3.25,3.5555556,2.6666667,3.375,4.3333335
26857,3.0,3.5555556,3.5555556,3.0,3.4444444
28327,4.0,3.5555556,3.4444444,3.875,3.2222223
42674,2.75,3.8888888,3.0,2.25,2.3333333
79897,2.875,3.8888888,4.1111112,2.375,4.1111112
64978,3.0,3.5555556,3.5555556,3.0,3.4444444
70434,3.0,3.5555556,3.5555556,3.0,3.4444444
52302,2.5,3.3333333,3.4444444,1.875,3.0
97050,3.0,3.5555556,3.5555556,3.0,3.4444444
46418,2.625,4.2222223,4.2222223,2.5,3.0
86691,4.125,3.1111112,2.6666667,3.625,3.7777777
93002,3.375,3.7777777,4.0,3.25,3.3333333
81930,3.0,3.5555556,3.5555556,3.0,3.4444444
56543,3.0,3.5555556,3.5555556,3.0,3.4444444
92618,3.875,3.7777777,2.6666667,3.0,3.5555556
17470,3.0,3.5555556,3.5555556,3.0,3.4444444
74211,3.375,3.8888888,3.5555556,3.125,3.8888888
35180,3.0,3.5555556,3.5555556,3.0,3.4444444
89142,2.875,3.7777777,3.2222223,3.0,2.3333333
24898,1.875,3.3333333,4.1111112,3.75,4.1111112
74413,3.0,4.0,3.5555556,3.125,3.7777777
38824,3.75,3.6666667,3.3333333,3.375,3.0
51723,3.625,4.1111112,3.3333333,3.75,3.4444444
79352,2.25,4.1111112,3.0,3.625,3.6666667
30814,3.0,3.5555556,3.5555556,3.0,3.4444444
90502,3.0,3.5555556,3.5555556,3.0,3.4444444
94456,3.5,2.0,2.1111112,1.875,2.4444444
70661,4.0,4.3333335,4.2222223,2.0,4.1111112
50976,3.0,3.5555556,3.5555556,3.0,3.4444444
55533,4.25,3.8888888,4.3333335,2.875,3.5555556
12156,2.75,3.1111112,3.5555556,3.25,2.7777777
76485,3.0,3.5555556,3.5555556,3.0,3.4444444
33239,3.0,3.5555556,3.5555556,3.0,3.4444444
72570,3.75,2.5555556,2.6666667,4.0,3.1111112
67574,4.0,3.7777777,4.0,2.75,2.4444444
42231,1.625,3.2222223,3.1111112,2.25,2.6666667
44639,4.0,4.3333335,2.8888888,3.75,4.0
64072,4.25,4.2222223,4.0,1.875,4.1111112
84960,4.25,3.4444444,3.2222223,2.875,3.4444444
43809,3.0,3.5555556,3.5555556,3.0,3.4444444
27941,3.0,3.5555556,3.5555556,3.0,3.4444444
31033,3.25,3.3333333,3.5555556,3.625,3.4444444
39301,3.0,3.5555556,3.5555556,3.0,3.4444444
10469,3.0,3.5555556,3.5555556,3.0,3.4444444
77789,3.125,4.0,4.2222223,2.875,3.7777777
47024,3.875,3.2222223,2.5555556,3.25,4.0
88582,2.0,4.3333335,4.1111112,2.875,4.1111112
73897,3.0,3.5555556,3.5555556,3.0,3.4444444
83470,4.25,4.1111112,2.8888888,2.5,4.0
67015,3.0,3.5555556,3.5555556,3.0,3.4444444
26272,2.25,3.6666667,3.2222223,2.25,3.0
21909,3.0,3.5555556,3.5555556,3.0,3.4444444
88882,4.25,4.2222223,4.2222223,1.75,3.1111112
62510,3.0,3.5555556,3.5555556,3.0,3.4444444
96828,3.0,3.5555556,3.5555556,3.0,3.4444444
64406,4.25,4.2222223,4.0,1.75,4.4444447
31985,2.75,4.1111112,3.3333333,2.25,3.5555556
91337,2.875,4.0,3.4444444,2.625,2.6666667
87664,3.0,3.5555556,3.5555556,3.0,3.4444444
19245,3.625,3.5555556,4.7777777,3.375,3.5555556
83748,2.375,4.2222223,3.5555556,1.625,2.4444444
49915,3.0,3.5555556,3.5555556,3.0,3.4444444
51865,3.0,3.5555556,3.5555556,3.0,3.4444444
78407,2.125,3.1111112,2.5555556,3.25,3.3333333
93787,3.0,3.5555556,3.5555556,3.0,3.4444444
52621,3.0,3.5555556,3.5555556,3.0,3.4444444
38914,3.625,3.7777777,3.6666667,3.0,3.5555556
37594,3.0,3.5555556,3.5555556,3.0,3.4444444
19833,3.125,4.5555553,3.3333333,1.875,4.1111112
17270,3.0,3.5555556,3.5555556,3.0,3.4444444
40864,3.0,3.5555556,3.5555556,3.0,3.4444444
38313,3.0,3.5555556,3.5555556,3.0,3.4444444
55340,3.0,3.5555556,3.5555556,3.0,3.4444444
18707,2.75,5.0,3.6666667,3.25,2.2222223
73807,3.0,3.5555556,3.5555556,3.0,3.4444444
26718,3.5,3.2222223,3.3333333,2.25,4.0
63347,2.125,3.8888888,3.4444444,3.25,3.6666667
35824,3.25,3.2222223,2.8888888,2.0,2.8888888
48826,3.0,3.5555556,3.5555556,3.0,3.4444444
11454,3.0,3.5555556,3.5555556,3.0,3.4444444
93246,4.0,3.6666667,3.3333333,1.25,2.6666667
75341,3.375,2.8888888,3.1111112,2.125,3.6666667
35925,3.0,3.5555556,3.5555556,3.0,3.4444444
