egoid,major1rc_5,major2rc_5,degreeintent_5,majorevent_5
44869,507.0,204.00900900900905,"M.D., D.O., D.D.S., or D.V.M.",no
43516,337.4675675675676,204.00900900900905,,
89411,117.0,204.00900900900905,"Master's Degree (M.A., M.S., MBA, etc.)",
74285,337.4675675675676,204.00900900900905,,
56527,337.4675675675676,204.00900900900905,,
16819,337.4675675675676,204.00900900900905,,
34591,117.0,128.0,"Bachelor's degree (B.A., B.S., etc.)",no
89972,337.4675675675676,204.00900900900905,,
92552,305.0,204.00900900900905,"Bachelor's degree (B.A., B.S., etc.)",yes
73158,306.0,204.00900900900905,"Master's Degree (M.A., M.S., MBA, etc.)",no
45963,503.0,204.00900900900905,"M.D., D.O., D.D.S., or D.V.M.",no
22138,507.0,110.0,"M.D., D.O., D.D.S., or D.V.M.",no
90136,337.4675675675676,204.00900900900905,,
46744,337.4675675675676,204.00900900900905,,
77941,302.0,204.00900900900905,"Bachelor's degree (B.A., B.S., etc.)",no
44873,401.0,204.00900900900905,"Bachelor's degree (B.A., B.S., etc.)",no
36540,337.4675675675676,204.00900900900905,,
14527,337.4675675675676,204.00900900900905,,
83005,131.0,204.00900900900905,"Bachelor's degree (B.A., B.S., etc.)",no
31439,501.0,204.00900900900905,"Bachelor's degree (B.A., B.S., etc.)",no
21899,302.0,204.00900900900905,"Master's Degree (M.A., M.S., MBA, etc.)",no
29232,337.4675675675676,204.00900900900905,,
32249,403.0,204.00900900900905,"Master's Degree (M.A., M.S., MBA, etc.)",no
45375,109.0,204.00900900900905,"Bachelor's degree (B.A., B.S., etc.)",no
25536,306.0,204.00900900900905,"Bachelor's degree (B.A., B.S., etc.)",no
32037,402.0,501.0,"Master's Degree (M.A., M.S., MBA, etc.)",yes
90476,337.4675675675676,204.00900900900905,,
46558,301.0,204.00900900900905,"Bachelor's degree (B.A., B.S., etc.)",no
24016,337.4675675675676,204.00900900900905,,
52277,337.4675675675676,204.00900900900905,,
93699,401.0,204.00900900900905,"Master's Degree (M.A., M.S., MBA, etc.)",no
36875,406.0,204.00900900900905,"Bachelor's degree (B.A., B.S., etc.)",no
84011,503.0,204.00900900900905,"M.D., D.O., D.D.S., or D.V.M.",no
90646,309.0,204.00900900900905,"Master's Degree (M.A., M.S., MBA, etc.)",yes
88008,303.0,204.00900900900905,"Master's Degree (M.A., M.S., MBA, etc.)",no
88967,337.4675675675676,204.00900900900905,,
46701,337.4675675675676,204.00900900900905,,
83566,134.0,204.00900900900905,Ph.D or Ed.D.,no
21090,305.0,204.00900900900905,Ph.D or Ed.D.,no
69419,337.4675675675676,204.00900900900905,,
87032,200.0,204.00900900900905,"Master's Degree (M.A., M.S., MBA, etc.)",no
94641,305.0,204.00900900900905,Ph.D or Ed.D.,no
82728,510.0,104.0,"M.D., D.O., D.D.S., or D.V.M.",no
45076,403.0,131.0,"Bachelor's degree (B.A., B.S., etc.)",no
58437,309.0,204.00900900900905,"Master's Degree (M.A., M.S., MBA, etc.)",no
94862,403.0,501.0,"Master's Degree (M.A., M.S., MBA, etc.)",no
14606,304.0,204.00900900900905,"M.D., D.O., D.D.S., or D.V.M.",yes
64075,402.0,204.00900900900905,"Master's Degree (M.A., M.S., MBA, etc.)",no
39787,307.0,109.0,Ph.D or Ed.D.,no
82376,337.4675675675676,204.00900900900905,,
44872,507.0,135.0,"M.D., D.O., D.D.S., or D.V.M.",no
87783,401.0,125.0,J.D. (Law),no
22199,337.4675675675676,204.00900900900905,,
47498,337.4675675675676,204.00900900900905,,
57325,503.0,123.0,Ph.D or Ed.D.,no
53776,337.4675675675676,204.00900900900905,,
58633,337.4675675675676,204.00900900900905,,
27306,507.0,204.00900900900905,"Master's Degree (M.A., M.S., MBA, etc.)",no
80607,337.4675675675676,204.00900900900905,,
73143,337.4675675675676,204.00900900900905,,
35797,337.4675675675676,204.00900900900905,,
46365,511.0,204.00900900900905,"M.D., D.O., D.D.S., or D.V.M.",no
30596,337.4675675675676,204.00900900900905,,
31045,337.4675675675676,204.00900900900905,,
74492,511.0,514.0,"Master's Degree (M.A., M.S., MBA, etc.)",no
76791,337.4675675675676,204.00900900900905,,
21348,337.4675675675676,204.00900900900905,,
23287,100.0,204.00900900900905,"Bachelor's degree (B.A., B.S., etc.)",no
14763,337.4675675675676,204.00900900900905,,
22066,337.4675675675676,204.00900900900905,,
64058,337.4675675675676,204.00900900900905,,
28247,200.0,204.00900900900905,"Bachelor's degree (B.A., B.S., etc.)",yes
72873,337.4675675675676,204.00900900900905,,
67544,337.4675675675676,204.00900900900905,,
76810,337.4675675675676,204.00900900900905,,
51760,306.0,204.00900900900905,Ph.D or Ed.D.,no
72806,109.0,204.00900900900905,"Master's Degree (M.A., M.S., MBA, etc.)",no
98766,403.0,112.0,"Master's Degree (M.A., M.S., MBA, etc.)",no
23042,337.4675675675676,204.00900900900905,,
60997,309.0,204.00900900900905,"Bachelor's degree (B.A., B.S., etc.)",no
36038,337.4675675675676,204.00900900900905,,
39146,503.0,204.00900900900905,"Master's Degree (M.A., M.S., MBA, etc.)",no
60963,337.4675675675676,204.00900900900905,,
67918,303.0,204.00900900900905,"Bachelor's degree (B.A., B.S., etc.)",no
34467,507.0,204.00900900900905,"M.D., D.O., D.D.S., or D.V.M.",no
42132,337.4675675675676,204.00900900900905,,
41268,337.4675675675676,204.00900900900905,,
90692,102.0,109.0,J.D. (Law),no
32668,109.0,130.0,"Bachelor's degree (B.A., B.S., etc.)",yes
24079,302.0,204.00900900900905,"Bachelor's degree (B.A., B.S., etc.)",no
59673,303.0,204.00900900900905,"Bachelor's degree (B.A., B.S., etc.)",no
74899,509.0,204.00900900900905,"M.D., D.O., D.D.S., or D.V.M.",no
48891,337.4675675675676,204.00900900900905,,
81807,302.0,204.00900900900905,Ph.D or Ed.D.,no
77187,337.4675675675676,204.00900900900905,,
91176,508.0,506.0,Ph.D or Ed.D.,no
22292,337.4675675675676,204.00900900900905,,
35011,402.0,128.0,"Bachelor's degree (B.A., B.S., etc.)",no
76785,337.4675675675676,204.00900900900905,,
60903,337.4675675675676,204.00900900900905,,
10115,337.4675675675676,204.00900900900905,,
35416,309.0,204.00900900900905,"Bachelor's degree (B.A., B.S., etc.)",no
89710,128.0,132.0,J.D. (Law),no
97596,405.0,204.00900900900905,"Master's Degree (M.A., M.S., MBA, etc.)",yes
39129,510.0,204.00900900900905,"M.D., D.O., D.D.S., or D.V.M.",no
57359,503.0,204.00900900900905,"M.D., D.O., D.D.S., or D.V.M.",no
17308,503.0,131.0,"M.D., D.O., D.D.S., or D.V.M.",no
51851,337.4675675675676,204.00900900900905,,
35855,337.4675675675676,204.00900900900905,,
67334,337.4675675675676,204.00900900900905,,
60230,337.4675675675676,204.00900900900905,,
77838,403.0,204.00900900900905,"Bachelor's degree (B.A., B.S., etc.)",no
37371,337.4675675675676,204.00900900900905,,
57292,337.4675675675676,204.00900900900905,,
66406,337.4675675675676,204.00900900900905,,
90447,337.4675675675676,204.00900900900905,,
56798,128.0,204.00900900900905,J.D. (Law),yes
28827,337.4675675675676,204.00900900900905,,
23115,337.4675675675676,204.00900900900905,,
77872,304.0,204.00900900900905,"Master's Degree (M.A., M.S., MBA, etc.)",no
43114,302.0,204.00900900900905,"Bachelor's degree (B.A., B.S., etc.)",no
72348,507.0,204.00900900900905,Ph.D or Ed.D.,no
15707,337.4675675675676,204.00900900900905,,
45776,337.4675675675676,204.00900900900905,,
63122,337.4675675675676,204.00900900900905,,
27169,337.4675675675676,204.00900900900905,,
89607,305.0,204.00900900900905,"Bachelor's degree (B.A., B.S., etc.)",no
59900,511.0,204.00900900900905,"M.D., D.O., D.D.S., or D.V.M.",no
28254,309.0,106.0,"Master's Degree (M.A., M.S., MBA, etc.)",no
56480,337.4675675675676,204.00900900900905,,
11128,337.4675675675676,204.00900900900905,,
47886,337.4675675675676,204.00900900900905,,
28820,309.0,204.00900900900905,"Bachelor's degree (B.A., B.S., etc.)",no
35347,109.0,403.0,J.D. (Law),yes
45641,337.4675675675676,204.00900900900905,,
25369,337.4675675675676,204.00900900900905,,
64572,337.4675675675676,204.00900900900905,,
31538,337.4675675675676,204.00900900900905,,
73452,302.0,510.0,"M.D., D.O., D.D.S., or D.V.M.",no
51475,129.0,134.0,"M.D., D.O., D.D.S., or D.V.M.",no
28312,403.0,116.0,"Master's Degree (M.A., M.S., MBA, etc.)",no
13486,405.0,204.00900900900905,"Bachelor's degree (B.A., B.S., etc.)",no
56805,337.4675675675676,204.00900900900905,,
57697,337.4675675675676,204.00900900900905,,
54837,337.4675675675676,204.00900900900905,,
29718,337.4675675675676,204.00900900900905,,
26800,403.0,501.0,"Master's Degree (M.A., M.S., MBA, etc.)",no
60493,507.0,137.0,Ph.D or Ed.D.,no
52051,337.4675675675676,204.00900900900905,,
30972,337.4675675675676,204.00900900900905,,
47142,119.0,128.0,Ph.D or Ed.D.,no
69217,309.0,204.00900900900905,"Bachelor's degree (B.A., B.S., etc.)",no
69009,337.4675675675676,204.00900900900905,,
84390,402.0,104.0,"Bachelor's degree (B.A., B.S., etc.)",yes
74845,403.0,204.00900900900905,"Master's Degree (M.A., M.S., MBA, etc.)",no
90905,337.4675675675676,204.00900900900905,,
39659,337.4675675675676,204.00900900900905,,
62072,337.4675675675676,204.00900900900905,,
60396,403.0,128.0,"Master's Degree (M.A., M.S., MBA, etc.)",no
61084,337.4675675675676,204.00900900900905,,
92412,109.0,506.0,Ph.D or Ed.D.,no
92038,405.0,204.00900900900905,"Master's Degree (M.A., M.S., MBA, etc.)",no
33388,401.0,204.00900900900905,"Bachelor's degree (B.A., B.S., etc.)",no
31717,337.4675675675676,204.00900900900905,,
18324,337.4675675675676,204.00900900900905,,
86440,401.0,128.0,J.D. (Law),no
95585,308.0,204.00900900900905,"Bachelor's degree (B.A., B.S., etc.)",no
29792,508.0,501.0,Ph.D or Ed.D.,no
14737,403.0,204.00900900900905,"Bachelor's degree (B.A., B.S., etc.)",no
28223,502.0,204.00900900900905,"M.D., D.O., D.D.S., or D.V.M.",no
85708,337.4675675675676,204.00900900900905,,
55452,200.0,204.00900900900905,Ph.D or Ed.D.,no
20179,308.0,204.00900900900905,Ph.D or Ed.D.,no
78339,337.4675675675676,204.00900900900905,,
23696,337.4675675675676,204.00900900900905,,
28653,402.0,204.00900900900905,"Bachelor's degree (B.A., B.S., etc.)",yes
84715,337.4675675675676,204.00900900900905,,
95559,301.0,204.00900900900905,"Master's Degree (M.A., M.S., MBA, etc.)",yes
30152,507.0,204.00900900900905,"M.D., D.O., D.D.S., or D.V.M.",no
68764,337.4675675675676,204.00900900900905,,
60367,405.0,204.00900900900905,"Bachelor's degree (B.A., B.S., etc.)",yes
36939,337.4675675675676,204.00900900900905,,
59592,503.0,204.00900900900905,"M.D., D.O., D.D.S., or D.V.M.",no
22897,337.4675675675676,204.00900900900905,,
89652,510.0,137.0,"M.D., D.O., D.D.S., or D.V.M.",no
28724,507.0,204.00900900900905,"Master's Degree (M.A., M.S., MBA, etc.)",yes
92895,337.4675675675676,204.00900900900905,,
69831,305.0,204.00900900900905,"Bachelor's degree (B.A., B.S., etc.)",no
59178,337.4675675675676,204.00900900900905,,
50072,503.0,204.00900900900905,"M.D., D.O., D.D.S., or D.V.M.",no
44927,502.0,131.0,"M.D., D.O., D.D.S., or D.V.M.",yes
71894,305.0,204.00900900900905,"Bachelor's degree (B.A., B.S., etc.)",no
76790,128.0,135.0,J.D. (Law),no
78428,337.4675675675676,204.00900900900905,,
66676,337.4675675675676,204.00900900900905,,
95930,401.0,204.00900900900905,"Master's Degree (M.A., M.S., MBA, etc.)",yes
70962,503.0,204.00900900900905,"M.D., D.O., D.D.S., or D.V.M.",no
12738,337.4675675675676,204.00900900900905,,
29647,337.4675675675676,204.00900900900905,,
27111,337.4675675675676,204.00900900900905,,
30453,401.0,135.0,"Bachelor's degree (B.A., B.S., etc.)",no
58219,337.4675675675676,204.00900900900905,,
28377,337.4675675675676,204.00900900900905,,
80177,337.4675675675676,204.00900900900905,,
18677,404.0,204.00900900900905,"Master's Degree (M.A., M.S., MBA, etc.)",yes
66047,103.0,204.00900900900905,"Bachelor's degree (B.A., B.S., etc.)",no
58682,406.0,204.00900900900905,"Bachelor's degree (B.A., B.S., etc.)",no
81199,337.4675675675676,204.00900900900905,,
85679,337.4675675675676,204.00900900900905,,
79834,507.0,204.00900900900905,Ph.D or Ed.D.,no
93471,337.4675675675676,204.00900900900905,,
19538,337.4675675675676,204.00900900900905,,
14595,337.4675675675676,204.00900900900905,,
38052,508.0,204.00900900900905,Ph.D or Ed.D.,no
33133,111.0,128.0,"Master's Degree (M.A., M.S., MBA, etc.)",no
40021,507.0,204.00900900900905,"M.D., D.O., D.D.S., or D.V.M.",no
27141,337.4675675675676,204.00900900900905,,
93858,337.4675675675676,204.00900900900905,,
47810,309.0,204.00900900900905,"Master's Degree (M.A., M.S., MBA, etc.)",yes
58196,403.0,204.00900900900905,"Master's Degree (M.A., M.S., MBA, etc.)",no
42773,337.4675675675676,204.00900900900905,,
72152,337.4675675675676,204.00900900900905,,
76663,109.0,204.00900900900905,"Master's Degree (M.A., M.S., MBA, etc.)",no
48224,306.0,111.0,"Master's Degree (M.A., M.S., MBA, etc.)",no
30137,403.0,128.0,"Master's Degree (M.A., M.S., MBA, etc.)",no
68318,507.0,204.00900900900905,"M.D., D.O., D.D.S., or D.V.M.",no
62246,309.0,204.00900900900905,"Bachelor's degree (B.A., B.S., etc.)",yes
69496,337.4675675675676,204.00900900900905,,
61028,337.4675675675676,204.00900900900905,,
55424,401.0,109.0,"Master's Degree (M.A., M.S., MBA, etc.)",no
17581,337.4675675675676,204.00900900900905,,
23576,403.0,109.0,"Master's Degree (M.A., M.S., MBA, etc.)",no
57842,337.4675675675676,204.00900900900905,,
17522,511.0,204.00900900900905,"M.D., D.O., D.D.S., or D.V.M.",no
55685,337.4675675675676,204.00900900900905,,
74079,337.4675675675676,204.00900900900905,,
97833,337.4675675675676,204.00900900900905,,
11992,337.4675675675676,204.00900900900905,,
93485,403.0,135.0,"Master's Degree (M.A., M.S., MBA, etc.)",no
34402,337.4675675675676,204.00900900900905,,
62617,507.0,204.00900900900905,"M.D., D.O., D.D.S., or D.V.M.",no
42137,303.0,204.00900900900905,"Bachelor's degree (B.A., B.S., etc.)",no
37305,406.0,111.0,"Bachelor's degree (B.A., B.S., etc.)",yes
48013,102.0,204.00900900900905,"Bachelor's degree (B.A., B.S., etc.)",no
44447,337.4675675675676,204.00900900900905,,
14571,503.0,501.0,Ph.D or Ed.D.,no
69057,309.0,204.00900900900905,"Bachelor's degree (B.A., B.S., etc.)",no
49125,337.4675675675676,204.00900900900905,,
66629,337.4675675675676,204.00900900900905,,
83542,110.0,204.00900900900905,"Master's Degree (M.A., M.S., MBA, etc.)",no
18222,305.0,204.00900900900905,Ph.D or Ed.D.,no
39738,402.0,204.00900900900905,"Bachelor's degree (B.A., B.S., etc.)",no
26858,510.0,204.00900900900905,"M.D., D.O., D.D.S., or D.V.M.",no
70552,337.4675675675676,204.00900900900905,,
38826,131.0,135.0,Ph.D or Ed.D.,no
93504,106.0,406.0,"Master's Degree (M.A., M.S., MBA, etc.)",yes
64232,507.0,204.00900900900905,"M.D., D.O., D.D.S., or D.V.M.",no
37404,401.0,204.00900900900905,"Bachelor's degree (B.A., B.S., etc.)",yes
25961,337.4675675675676,204.00900900900905,,
87330,131.0,204.00900900900905,"Master's Degree (M.A., M.S., MBA, etc.)",no
92028,337.4675675675676,204.00900900900905,,
82248,116.0,135.0,J.D. (Law),no
28824,337.4675675675676,204.00900900900905,,
11482,337.4675675675676,204.00900900900905,,
69936,337.4675675675676,204.00900900900905,,
91320,337.4675675675676,204.00900900900905,,
37001,403.0,204.00900900900905,"Master's Degree (M.A., M.S., MBA, etc.)",no
70492,511.0,204.00900900900905,"M.D., D.O., D.D.S., or D.V.M.",yes
95543,305.0,204.00900900900905,"Bachelor's degree (B.A., B.S., etc.)",no
21380,302.0,204.00900900900905,"Bachelor's degree (B.A., B.S., etc.)",no
67106,303.0,204.00900900900905,"Bachelor's degree (B.A., B.S., etc.)",no
25495,109.0,204.00900900900905,"Bachelor's degree (B.A., B.S., etc.)",yes
26581,337.4675675675676,204.00900900900905,,
66642,337.4675675675676,204.00900900900905,,
83612,503.0,204.00900900900905,"M.D., D.O., D.D.S., or D.V.M.",no
63954,337.4675675675676,204.00900900900905,,
20665,337.4675675675676,204.00900900900905,,
19122,301.0,204.00900900900905,"Master's Degree (M.A., M.S., MBA, etc.)",yes
99978,309.0,137.0,"Master's Degree (M.A., M.S., MBA, etc.)",no
92566,110.0,128.0,"Master's Degree (M.A., M.S., MBA, etc.)",no
39414,200.0,204.00900900900905,"Bachelor's degree (B.A., B.S., etc.)",no
35987,305.0,204.00900900900905,"Bachelor's degree (B.A., B.S., etc.)",no
66655,337.4675675675676,204.00900900900905,,
10547,337.4675675675676,204.00900900900905,,
46373,406.0,204.00900900900905,"Master's Degree (M.A., M.S., MBA, etc.)",yes
79341,511.0,109.0,"Bachelor's degree (B.A., B.S., etc.)",no
19591,403.0,204.00900900900905,"Bachelor's degree (B.A., B.S., etc.)",no
83536,306.0,204.00900900900905,"Bachelor's degree (B.A., B.S., etc.)",no
66682,337.4675675675676,204.00900900900905,,
88337,337.4675675675676,204.00900900900905,,
67608,503.0,129.0,"M.D., D.O., D.D.S., or D.V.M.",yes
19735,200.0,204.00900900900905,"Bachelor's degree (B.A., B.S., etc.)",no
42513,337.4675675675676,204.00900900900905,,
64595,337.4675675675676,204.00900900900905,,
85134,337.4675675675676,204.00900900900905,,
51952,337.4675675675676,204.00900900900905,,
28837,337.4675675675676,204.00900900900905,,
46266,337.4675675675676,204.00900900900905,,
61289,337.4675675675676,204.00900900900905,,
18743,337.4675675675676,204.00900900900905,,
13647,337.4675675675676,204.00900900900905,,
59207,302.0,204.00900900900905,"Bachelor's degree (B.A., B.S., etc.)",no
48946,337.4675675675676,204.00900900900905,,
86083,130.0,204.00900900900905,J.D. (Law),no
96613,337.4675675675676,204.00900900900905,,
49014,337.4675675675676,204.00900900900905,,
50766,305.0,204.00900900900905,"Bachelor's degree (B.A., B.S., etc.)",no
71089,305.0,111.0,"Bachelor's degree (B.A., B.S., etc.)",no
80980,309.0,204.00900900900905,"Master's Degree (M.A., M.S., MBA, etc.)",no
29115,337.4675675675676,204.00900900900905,,
98462,501.0,204.00900900900905,"Master's Degree (M.A., M.S., MBA, etc.)",no
94455,337.4675675675676,204.00900900900905,,
11148,337.4675675675676,204.00900900900905,,
88384,337.4675675675676,204.00900900900905,,
60904,337.4675675675676,204.00900900900905,,
64302,303.0,204.00900900900905,"Master's Degree (M.A., M.S., MBA, etc.)",no
51882,337.4675675675676,204.00900900900905,,
54200,337.4675675675676,204.00900900900905,,
22688,306.0,504.0,Ph.D or Ed.D.,no
38815,305.0,204.00900900900905,"Master's Degree (M.A., M.S., MBA, etc.)",no
34525,337.4675675675676,204.00900900900905,,
68404,406.0,131.0,"Master's Degree (M.A., M.S., MBA, etc.)",no
71836,337.4675675675676,204.00900900900905,,
12748,337.4675675675676,204.00900900900905,,
33445,337.4675675675676,204.00900900900905,,
83078,337.4675675675676,204.00900900900905,,
72160,337.4675675675676,204.00900900900905,,
55569,305.0,204.00900900900905,"Bachelor's degree (B.A., B.S., etc.)",no
72885,305.0,204.00900900900905,"Master's Degree (M.A., M.S., MBA, etc.)",yes
47006,337.4675675675676,204.00900900900905,,
36574,116.0,204.00900900900905,J.D. (Law),no
71193,109.0,204.00900900900905,"Master's Degree (M.A., M.S., MBA, etc.)",yes
44070,402.0,204.00900900900905,"Bachelor's degree (B.A., B.S., etc.)",no
49010,337.4675675675676,204.00900900900905,,
98760,337.4675675675676,204.00900900900905,,
95374,131.0,128.0,J.D. (Law),no
71985,402.0,111.0,"Master's Degree (M.A., M.S., MBA, etc.)",no
43125,402.0,204.00900900900905,"Bachelor's degree (B.A., B.S., etc.)",no
98117,503.0,204.00900900900905,Ph.D or Ed.D.,yes
22989,109.0,131.0,"Bachelor's degree (B.A., B.S., etc.)",no
24883,502.0,115.0,"M.D., D.O., D.D.S., or D.V.M.",no
65068,337.4675675675676,204.00900900900905,,
20650,128.0,204.00900900900905,J.D. (Law),no
19460,337.4675675675676,204.00900900900905,,
66815,507.0,204.00900900900905,"M.D., D.O., D.D.S., or D.V.M.",no
89161,337.4675675675676,204.00900900900905,,
54956,131.0,204.00900900900905,"Bachelor's degree (B.A., B.S., etc.)",no
14847,401.0,204.00900900900905,"Bachelor's degree (B.A., B.S., etc.)",no
85453,309.0,204.00900900900905,"Bachelor's degree (B.A., B.S., etc.)",no
19827,337.4675675675676,204.00900900900905,,
31121,337.4675675675676,204.00900900900905,,
38683,337.4675675675676,204.00900900900905,,
82918,337.4675675675676,204.00900900900905,,
43382,306.0,137.0,Ph.D or Ed.D.,no
44344,128.0,204.00900900900905,J.D. (Law),no
94215,302.0,204.00900900900905,"Master's Degree (M.A., M.S., MBA, etc.)",yes
80675,337.4675675675676,204.00900900900905,,
57144,511.0,204.00900900900905,"M.D., D.O., D.D.S., or D.V.M.",yes
94662,337.4675675675676,204.00900900900905,,
98700,337.4675675675676,204.00900900900905,,
44675,337.4675675675676,204.00900900900905,,
33341,337.4675675675676,204.00900900900905,,
37396,337.4675675675676,204.00900900900905,,
65072,403.0,204.00900900900905,"Master's Degree (M.A., M.S., MBA, etc.)",yes
37148,337.4675675675676,204.00900900900905,,
11910,401.0,106.0,"Master's Degree (M.A., M.S., MBA, etc.)",yes
75438,402.0,204.00900900900905,"Bachelor's degree (B.A., B.S., etc.)",yes
99733,305.0,204.00900900900905,"Master's Degree (M.A., M.S., MBA, etc.)",no
27407,309.0,204.00900900900905,"Bachelor's degree (B.A., B.S., etc.)",no
14250,337.4675675675676,204.00900900900905,,
43794,309.0,204.00900900900905,"Bachelor's degree (B.A., B.S., etc.)",no
73918,337.4675675675676,204.00900900900905,,
60216,302.0,204.00900900900905,"Master's Degree (M.A., M.S., MBA, etc.)",no
28681,337.4675675675676,204.00900900900905,,
51437,503.0,135.0,"M.D., D.O., D.D.S., or D.V.M.",no
21932,302.0,204.00900900900905,"Bachelor's degree (B.A., B.S., etc.)",no
29733,337.4675675675676,204.00900900900905,,
98206,305.0,204.00900900900905,"Bachelor's degree (B.A., B.S., etc.)",no
36385,116.0,506.0,"Bachelor's degree (B.A., B.S., etc.)",no
26651,337.4675675675676,204.00900900900905,,
54030,404.0,204.00900900900905,Ph.D or Ed.D.,yes
67993,131.0,204.00900900900905,Ph.D or Ed.D.,no
96543,304.0,204.00900900900905,"Bachelor's degree (B.A., B.S., etc.)",yes
49800,507.0,204.00900900900905,"M.D., D.O., D.D.S., or D.V.M.",no
29296,507.0,204.00900900900905,"M.D., D.O., D.D.S., or D.V.M.",no
11002,337.4675675675676,204.00900900900905,,
72850,307.0,128.0,J.D. (Law),no
15134,309.0,204.00900900900905,"Bachelor's degree (B.A., B.S., etc.)",no
69124,337.4675675675676,204.00900900900905,,
42531,109.0,110.0,J.D. (Law),yes
34062,507.0,204.00900900900905,Ph.D or Ed.D.,yes
18111,401.0,135.0,"Bachelor's degree (B.A., B.S., etc.)",no
42646,507.0,137.0,"M.D., D.O., D.D.S., or D.V.M.",no
63922,337.4675675675676,204.00900900900905,,
59097,402.0,204.00900900900905,"Master's Degree (M.A., M.S., MBA, etc.)",yes
72912,406.0,204.00900900900905,"Master's Degree (M.A., M.S., MBA, etc.)",no
91484,337.4675675675676,204.00900900900905,,
24833,511.0,204.00900900900905,"M.D., D.O., D.D.S., or D.V.M.",no
21971,511.0,204.00900900900905,"M.D., D.O., D.D.S., or D.V.M.",no
58654,337.4675675675676,204.00900900900905,,
13928,337.4675675675676,204.00900900900905,,
84502,109.0,128.0,"Bachelor's degree (B.A., B.S., etc.)",no
64090,337.4675675675676,204.00900900900905,,
52123,402.0,102.0,"Master's Degree (M.A., M.S., MBA, etc.)",no
78783,200.0,204.00900900900905,"Bachelor's degree (B.A., B.S., etc.)",no
25197,501.0,204.00900900900905,"Master's Degree (M.A., M.S., MBA, etc.)",yes
35872,510.0,204.00900900900905,"M.D., D.O., D.D.S., or D.V.M.",no
93462,337.4675675675676,204.00900900900905,,
23270,512.0,204.00900900900905,"M.D., D.O., D.D.S., or D.V.M.",no
69807,337.4675675675676,204.00900900900905,,
92716,302.0,204.00900900900905,"Bachelor's degree (B.A., B.S., etc.)",no
66061,337.4675675675676,204.00900900900905,,
56058,337.4675675675676,204.00900900900905,,
57854,337.4675675675676,204.00900900900905,,
68679,511.0,204.00900900900905,"M.D., D.O., D.D.S., or D.V.M.",no
90750,337.4675675675676,204.00900900900905,,
70125,108.0,204.00900900900905,Other,no
67192,507.0,204.00900900900905,"Master's Degree (M.A., M.S., MBA, etc.)",no
12029,405.0,109.0,"Bachelor's degree (B.A., B.S., etc.)",no
70745,117.0,204.00900900900905,J.D. (Law),no
43255,337.4675675675676,204.00900900900905,,
93856,309.0,204.00900900900905,"Bachelor's degree (B.A., B.S., etc.)",no
10237,111.0,204.00900900900905,"Bachelor's degree (B.A., B.S., etc.)",yes
97448,134.0,135.0,"Bachelor's degree (B.A., B.S., etc.)",no
43603,337.4675675675676,204.00900900900905,,
86974,337.4675675675676,204.00900900900905,,
89165,337.4675675675676,204.00900900900905,,
97280,337.4675675675676,204.00900900900905,,
54098,304.0,204.00900900900905,"Bachelor's degree (B.A., B.S., etc.)",no
66156,305.0,204.00900900900905,"Bachelor's degree (B.A., B.S., etc.)",no
67177,401.0,204.00900900900905,"Master's Degree (M.A., M.S., MBA, etc.)",no
22540,337.4675675675676,204.00900900900905,,
70668,337.4675675675676,204.00900900900905,,
15586,337.4675675675676,204.00900900900905,,
27232,337.4675675675676,204.00900900900905,,
18611,507.0,125.0,J.D. (Law),no
87328,109.0,111.0,"Bachelor's degree (B.A., B.S., etc.)",no
88963,337.4675675675676,204.00900900900905,,
61756,337.4675675675676,204.00900900900905,,
57045,337.4675675675676,204.00900900900905,,
49497,108.0,406.0,"Bachelor's degree (B.A., B.S., etc.)",no
15031,337.4675675675676,204.00900900900905,,
79607,337.4675675675676,204.00900900900905,,
41952,337.4675675675676,204.00900900900905,,
17183,406.0,204.00900900900905,"Bachelor's degree (B.A., B.S., etc.)",no
22408,511.0,135.0,"M.D., D.O., D.D.S., or D.V.M.",yes
54435,130.0,204.00900900900905,"Master's Degree (M.A., M.S., MBA, etc.)",no
38554,337.4675675675676,204.00900900900905,,
38293,305.0,204.00900900900905,"Bachelor's degree (B.A., B.S., etc.)",yes
33785,304.0,123.0,Ph.D or Ed.D.,no
44310,405.0,137.0,"Bachelor's degree (B.A., B.S., etc.)",no
33009,130.0,204.00900900900905,J.D. (Law),no
31294,337.4675675675676,204.00900900900905,,
65143,337.4675675675676,204.00900900900905,,
91726,337.4675675675676,204.00900900900905,,
59355,337.4675675675676,204.00900900900905,,
96184,337.4675675675676,204.00900900900905,,
92339,337.4675675675676,204.00900900900905,,
70005,304.0,204.00900900900905,"Bachelor's degree (B.A., B.S., etc.)",no
64157,102.0,110.0,"Bachelor's degree (B.A., B.S., etc.)",no
68050,337.4675675675676,204.00900900900905,,
46151,337.4675675675676,204.00900900900905,,
79395,403.0,204.00900900900905,"Master's Degree (M.A., M.S., MBA, etc.)",no
59863,402.0,108.0,"Bachelor's degree (B.A., B.S., etc.)",no
63419,507.0,204.00900900900905,"M.D., D.O., D.D.S., or D.V.M.",yes
22913,303.0,204.00900900900905,"Bachelor's degree (B.A., B.S., etc.)",no
91313,109.0,506.0,"Bachelor's degree (B.A., B.S., etc.)",no
14511,130.0,204.00900900900905,"Bachelor's degree (B.A., B.S., etc.)",no
73962,305.0,204.00900900900905,"Master's Degree (M.A., M.S., MBA, etc.)",no
48969,116.0,110.0,"Bachelor's degree (B.A., B.S., etc.)",no
22093,337.4675675675676,204.00900900900905,,
32919,337.4675675675676,204.00900900900905,,
10153,511.0,204.00900900900905,"M.D., D.O., D.D.S., or D.V.M.",no
79731,337.4675675675676,204.00900900900905,,
63611,337.4675675675676,204.00900900900905,,
64296,506.0,135.0,"Master's Degree (M.A., M.S., MBA, etc.)",yes
23487,337.4675675675676,204.00900900900905,,
17569,309.0,204.00900900900905,"Master's Degree (M.A., M.S., MBA, etc.)",yes
77036,303.0,204.00900900900905,"Bachelor's degree (B.A., B.S., etc.)",no
53518,405.0,204.00900900900905,"Master's Degree (M.A., M.S., MBA, etc.)",no
92340,337.4675675675676,204.00900900900905,,
37485,337.4675675675676,204.00900900900905,,
33953,131.0,204.00900900900905,J.D. (Law),no
53333,337.4675675675676,204.00900900900905,,
82986,502.0,137.0,"Master's Degree (M.A., M.S., MBA, etc.)",no
61772,337.4675675675676,204.00900900900905,,
47280,337.4675675675676,204.00900900900905,,
70566,337.4675675675676,204.00900900900905,,
82964,337.4675675675676,204.00900900900905,,
11402,131.0,204.00900900900905,"Bachelor's degree (B.A., B.S., etc.)",no
38610,501.0,204.00900900900905,"Master's Degree (M.A., M.S., MBA, etc.)",no
96610,131.0,204.00900900900905,"Master's Degree (M.A., M.S., MBA, etc.)",yes
77711,109.0,401.0,"Bachelor's degree (B.A., B.S., etc.)",no
48505,337.4675675675676,204.00900900900905,,
78667,337.4675675675676,204.00900900900905,,
17020,305.0,204.00900900900905,"Bachelor's degree (B.A., B.S., etc.)",no
48676,507.0,204.00900900900905,"M.D., D.O., D.D.S., or D.V.M.",no
29885,109.0,131.0,"Master's Degree (M.A., M.S., MBA, etc.)",no
32976,337.4675675675676,204.00900900900905,,
79167,128.0,116.0,J.D. (Law),no
65061,337.4675675675676,204.00900900900905,,
43710,401.0,204.00900900900905,"Master's Degree (M.A., M.S., MBA, etc.)",no
61389,337.4675675675676,204.00900900900905,,
22455,128.0,204.00900900900905,Ph.D or Ed.D.,no
82819,337.4675675675676,204.00900900900905,,
67771,337.4675675675676,204.00900900900905,,
57443,507.0,204.00900900900905,"M.D., D.O., D.D.S., or D.V.M.",no
96469,128.0,135.0,"Master's Degree (M.A., M.S., MBA, etc.)",no
94579,512.0,204.00900900900905,"M.D., D.O., D.D.S., or D.V.M.",no
29257,508.0,403.0,"Master's Degree (M.A., M.S., MBA, etc.)",no
23518,137.0,506.0,"Master's Degree (M.A., M.S., MBA, etc.)",no
80484,337.4675675675676,204.00900900900905,,
49539,134.0,204.00900900900905,Ph.D or Ed.D.,yes
63904,504.0,104.0,"M.D., D.O., D.D.S., or D.V.M.",no
82490,401.0,204.00900900900905,"Bachelor's degree (B.A., B.S., etc.)",no
20335,305.0,204.00900900900905,"Master's Degree (M.A., M.S., MBA, etc.)",no
35031,406.0,108.0,"Bachelor's degree (B.A., B.S., etc.)",yes
88185,137.0,134.0,"Master's Degree (M.A., M.S., MBA, etc.)",no
35344,302.0,204.00900900900905,"Master's Degree (M.A., M.S., MBA, etc.)",no
31175,128.0,204.00900900900905,"Bachelor's degree (B.A., B.S., etc.)",yes
41167,337.4675675675676,204.00900900900905,,
98325,109.0,204.00900900900905,"Master's Degree (M.A., M.S., MBA, etc.)",yes
36963,302.0,204.00900900900905,"Master's Degree (M.A., M.S., MBA, etc.)",no
50666,137.0,140.0,"Master's Degree (M.A., M.S., MBA, etc.)",no
98624,337.4675675675676,204.00900900900905,,
42617,507.0,204.00900900900905,"M.D., D.O., D.D.S., or D.V.M.",no
58793,128.0,140.0,J.D. (Law),no
25125,337.4675675675676,204.00900900900905,,
25548,302.0,204.00900900900905,"Bachelor's degree (B.A., B.S., etc.)",no
25966,503.0,204.00900900900905,"M.D., D.O., D.D.S., or D.V.M.",yes
95444,337.4675675675676,204.00900900900905,,
96689,337.4675675675676,204.00900900900905,,
22587,337.4675675675676,204.00900900900905,,
43581,507.0,510.0,"M.D., D.O., D.D.S., or D.V.M.",no
75578,337.4675675675676,204.00900900900905,,
43507,337.4675675675676,204.00900900900905,,
91551,507.0,204.00900900900905,"M.D., D.O., D.D.S., or D.V.M.",no
30676,337.4675675675676,204.00900900900905,,
19030,337.4675675675676,204.00900900900905,,
33657,117.0,204.00900900900905,"Master's Degree (M.A., M.S., MBA, etc.)",yes
76521,337.4675675675676,204.00900900900905,,
52848,337.4675675675676,204.00900900900905,,
40231,337.4675675675676,204.00900900900905,,
65656,304.0,204.00900900900905,Ph.D or Ed.D.,no
30610,337.4675675675676,204.00900900900905,,
36117,506.0,204.00900900900905,Ph.D or Ed.D.,no
82587,405.0,204.00900900900905,"Master's Degree (M.A., M.S., MBA, etc.)",no
14690,337.4675675675676,204.00900900900905,,
40569,337.4675675675676,204.00900900900905,,
97021,337.4675675675676,204.00900900900905,,
26320,406.0,204.00900900900905,"Bachelor's degree (B.A., B.S., etc.)",no
77532,110.0,204.00900900900905,"Master's Degree (M.A., M.S., MBA, etc.)",no
92515,501.0,204.00900900900905,"Master's Degree (M.A., M.S., MBA, etc.)",yes
97844,301.0,204.00900900900905,"Bachelor's degree (B.A., B.S., etc.)",no
81647,337.4675675675676,204.00900900900905,,
33127,337.4675675675676,204.00900900900905,,
45958,337.4675675675676,204.00900900900905,,
49790,200.0,204.00900900900905,"Bachelor's degree (B.A., B.S., etc.)",no
74251,337.4675675675676,204.00900900900905,,
28326,337.4675675675676,204.00900900900905,,
20507,337.4675675675676,204.00900900900905,,
71592,506.0,204.00900900900905,"Bachelor's degree (B.A., B.S., etc.)",no
15181,502.0,204.00900900900905,Ph.D or Ed.D.,no
70209,337.4675675675676,204.00900900900905,,
78657,200.0,204.00900900900905,"Bachelor's degree (B.A., B.S., etc.)",no
21887,337.4675675675676,204.00900900900905,,
48154,507.0,204.00900900900905,"Master's Degree (M.A., M.S., MBA, etc.)",no
92953,337.4675675675676,204.00900900900905,,
90192,337.4675675675676,204.00900900900905,,
51495,309.0,204.00900900900905,"Bachelor's degree (B.A., B.S., etc.)",no
34344,337.4675675675676,204.00900900900905,,
21793,337.4675675675676,204.00900900900905,,
37218,337.4675675675676,204.00900900900905,,
17932,125.0,204.00900900900905,J.D. (Law),no
95026,509.0,204.00900900900905,"M.D., D.O., D.D.S., or D.V.M.",yes
66800,503.0,204.00900900900905,"Bachelor's degree (B.A., B.S., etc.)",no
73693,337.4675675675676,204.00900900900905,,
80429,403.0,501.0,"Master's Degree (M.A., M.S., MBA, etc.)",no
75149,337.4675675675676,204.00900900900905,,
61659,337.4675675675676,204.00900900900905,,
81420,337.4675675675676,204.00900900900905,,
33740,337.4675675675676,204.00900900900905,,
37979,337.4675675675676,204.00900900900905,,
87192,337.4675675675676,204.00900900900905,,
67709,111.0,204.00900900900905,"Bachelor's degree (B.A., B.S., etc.)",no
36552,309.0,204.00900900900905,"Master's Degree (M.A., M.S., MBA, etc.)",no
14301,503.0,204.00900900900905,"M.D., D.O., D.D.S., or D.V.M.",no
36384,337.4675675675676,204.00900900900905,,
63138,502.0,204.00900900900905,"M.D., D.O., D.D.S., or D.V.M.",no
51298,304.0,204.00900900900905,"Bachelor's degree (B.A., B.S., etc.)",yes
74632,502.0,204.00900900900905,"M.D., D.O., D.D.S., or D.V.M.",yes
16654,117.0,204.00900900900905,"Master's Degree (M.A., M.S., MBA, etc.)",no
54394,337.4675675675676,204.00900900900905,,
84768,507.0,204.00900900900905,"M.D., D.O., D.D.S., or D.V.M.",no
29134,511.0,204.00900900900905,"M.D., D.O., D.D.S., or D.V.M.",no
24029,506.0,204.00900900900905,Ph.D or Ed.D.,no
35361,337.4675675675676,204.00900900900905,,
87056,337.4675675675676,204.00900900900905,,
49086,406.0,204.00900900900905,"Master's Degree (M.A., M.S., MBA, etc.)",yes
67917,337.4675675675676,204.00900900900905,,
85503,301.0,204.00900900900905,"Master's Degree (M.A., M.S., MBA, etc.)",no
60008,337.4675675675676,204.00900900900905,,
66542,337.4675675675676,204.00900900900905,,
55881,337.4675675675676,204.00900900900905,,
86265,337.4675675675676,204.00900900900905,,
10732,337.4675675675676,204.00900900900905,,
22119,308.0,204.00900900900905,"Master's Degree (M.A., M.S., MBA, etc.)",no
50797,337.4675675675676,204.00900900900905,,
39564,337.4675675675676,204.00900900900905,,
39285,337.4675675675676,204.00900900900905,,
22460,337.4675675675676,204.00900900900905,,
25172,108.0,406.0,"Bachelor's degree (B.A., B.S., etc.)",no
77134,130.0,204.00900900900905,J.D. (Law),yes
22143,337.4675675675676,204.00900900900905,,
93766,337.4675675675676,204.00900900900905,,
45097,337.4675675675676,204.00900900900905,,
26289,337.4675675675676,204.00900900900905,,
95490,309.0,204.00900900900905,"Bachelor's degree (B.A., B.S., etc.)",no
66979,337.4675675675676,204.00900900900905,,
23253,507.0,135.0,"Master's Degree (M.A., M.S., MBA, etc.)",yes
12900,337.4675675675676,204.00900900900905,,
90079,304.0,204.00900900900905,"Master's Degree (M.A., M.S., MBA, etc.)",yes
47584,511.0,204.00900900900905,"M.D., D.O., D.D.S., or D.V.M.",no
97990,402.0,506.0,"Master's Degree (M.A., M.S., MBA, etc.)",no
39248,337.4675675675676,204.00900900900905,,
29354,337.4675675675676,204.00900900900905,,
25743,337.4675675675676,204.00900900900905,,
91429,511.0,204.00900900900905,"M.D., D.O., D.D.S., or D.V.M.",yes
82269,117.0,204.00900900900905,Ph.D or Ed.D.,no
22842,306.0,204.00900900900905,"Master's Degree (M.A., M.S., MBA, etc.)",no
31311,337.4675675675676,204.00900900900905,,
32423,337.4675675675676,204.00900900900905,,
33084,337.4675675675676,204.00900900900905,,
14279,401.0,109.0,"Bachelor's degree (B.A., B.S., etc.)",no
91932,337.4675675675676,204.00900900900905,,
32404,337.4675675675676,204.00900900900905,,
73577,337.4675675675676,204.00900900900905,,
70561,337.4675675675676,204.00900900900905,,
43177,128.0,204.00900900900905,"Bachelor's degree (B.A., B.S., etc.)",no
36501,337.4675675675676,204.00900900900905,,
26857,305.0,114.0,Ph.D or Ed.D.,yes
28327,130.0,135.0,J.D. (Law),no
42674,337.4675675675676,204.00900900900905,,
79897,337.4675675675676,204.00900900900905,,
64978,337.4675675675676,204.00900900900905,,
70434,337.4675675675676,204.00900900900905,,
52302,511.0,204.00900900900905,"M.D., D.O., D.D.S., or D.V.M.",no
97050,507.0,204.00900900900905,"M.D., D.O., D.D.S., or D.V.M.",no
46418,507.0,115.0,"M.D., D.O., D.D.S., or D.V.M.",no
86691,337.4675675675676,204.00900900900905,,
93002,503.0,506.0,"Master's Degree (M.A., M.S., MBA, etc.)",no
81930,337.4675675675676,204.00900900900905,,
56543,337.4675675675676,204.00900900900905,,
92618,337.4675675675676,204.00900900900905,,
17470,306.0,204.00900900900905,"Master's Degree (M.A., M.S., MBA, etc.)",no
74211,337.4675675675676,204.00900900900905,,
35180,116.0,137.0,"Master's Degree (M.A., M.S., MBA, etc.)",no
89142,403.0,204.00900900900905,"Master's Degree (M.A., M.S., MBA, etc.)",no
24898,302.0,510.0,"M.D., D.O., D.D.S., or D.V.M.",yes
74413,507.0,204.00900900900905,"M.D., D.O., D.D.S., or D.V.M.",no
38824,337.4675675675676,204.00900900900905,,
51723,337.4675675675676,204.00900900900905,,
79352,110.0,129.0,"Master's Degree (M.A., M.S., MBA, etc.)",no
30814,337.4675675675676,204.00900900900905,,
90502,337.4675675675676,204.00900900900905,,
94456,337.4675675675676,204.00900900900905,,
70661,337.4675675675676,204.00900900900905,,
50976,305.0,204.00900900900905,"Bachelor's degree (B.A., B.S., etc.)",no
55533,337.4675675675676,204.00900900900905,,
12156,503.0,204.00900900900905,"M.D., D.O., D.D.S., or D.V.M.",no
76485,128.0,129.0,"M.D., D.O., D.D.S., or D.V.M.",no
33239,510.0,204.00900900900905,"M.D., D.O., D.D.S., or D.V.M.",yes
72570,304.0,204.00900900900905,"Master's Degree (M.A., M.S., MBA, etc.)",yes
67574,302.0,204.00900900900905,"Bachelor's degree (B.A., B.S., etc.)",no
42231,337.4675675675676,204.00900900900905,,
44639,337.4675675675676,204.00900900900905,,
64072,337.4675675675676,204.00900900900905,,
84960,337.4675675675676,204.00900900900905,,
43809,337.4675675675676,204.00900900900905,,
27941,337.4675675675676,204.00900900900905,,
31033,337.4675675675676,204.00900900900905,,
39301,337.4675675675676,204.00900900900905,,
10469,510.0,204.00900900900905,"M.D., D.O., D.D.S., or D.V.M.",no
77789,109.0,204.00900900900905,"Bachelor's degree (B.A., B.S., etc.)",no
47024,406.0,110.0,"Bachelor's degree (B.A., B.S., etc.)",no
88582,337.4675675675676,204.00900900900905,,
73897,337.4675675675676,204.00900900900905,,
83470,337.4675675675676,204.00900900900905,,
67015,501.0,204.00900900900905,"Bachelor's degree (B.A., B.S., etc.)",no
26272,337.4675675675676,204.00900900900905,,
21909,337.4675675675676,204.00900900900905,,
88882,403.0,204.00900900900905,"Master's Degree (M.A., M.S., MBA, etc.)",no
62510,337.4675675675676,204.00900900900905,,
96828,403.0,204.00900900900905,"Master's Degree (M.A., M.S., MBA, etc.)",no
64406,337.4675675675676,204.00900900900905,,
31985,337.4675675675676,204.00900900900905,,
91337,337.4675675675676,204.00900900900905,,
87664,337.4675675675676,204.00900900900905,,
19245,403.0,109.0,"Bachelor's degree (B.A., B.S., etc.)",no
83748,401.0,112.0,"Master's Degree (M.A., M.S., MBA, etc.)",no
49915,309.0,204.00900900900905,"Bachelor's degree (B.A., B.S., etc.)",no
51865,117.0,204.00900900900905,"Master's Degree (M.A., M.S., MBA, etc.)",no
78407,337.4675675675676,204.00900900900905,,
93787,507.0,204.00900900900905,"M.D., D.O., D.D.S., or D.V.M.",no
52621,337.4675675675676,204.00900900900905,,
38914,337.4675675675676,204.00900900900905,,
37594,337.4675675675676,204.00900900900905,,
19833,337.4675675675676,204.00900900900905,,
17270,200.0,204.00900900900905,"Master's Degree (M.A., M.S., MBA, etc.)",no
40864,337.4675675675676,204.00900900900905,,
38313,337.4675675675676,204.00900900900905,,
55340,337.4675675675676,204.00900900900905,,
18707,109.0,131.0,J.D. (Law),yes
73807,337.4675675675676,204.00900900900905,,
26718,305.0,204.00900900900905,"Bachelor's degree (B.A., B.S., etc.)",no
63347,502.0,204.00900900900905,Other,no
35824,337.4675675675676,204.00900900900905,,
48826,337.4675675675676,204.00900900900905,,
11454,337.4675675675676,204.00900900900905,,
93246,337.4675675675676,204.00900900900905,,
75341,337.4675675675676,204.00900900900905,,
35925,403.0,501.0,Ph.D or Ed.D.,no
